file,week_ended,trigger,source,pre_close,post_close,change_pct,identified
2seventy_bio_inc_TSVT.md,,Trigger event,Event source,,,,True
2seventy_bio_inc_TSVT.md,2023-05-05,not identified in filings or news,Not identified,9.51,11.43,20.2,False
2seventy_bio_inc_TSVT.md,2023-07-28,not identified in filings or news,Not identified,10.44,7.82,-25.1,False
2seventy_bio_inc_TSVT.md,2023-08-04,not identified in filings or news,Not identified,7.82,6.08,-22.3,False
2seventy_bio_inc_TSVT.md,2023-09-22,not identified in filings or news,Not identified,4.05,3.15,-22.2,False
2seventy_bio_inc_TSVT.md,2023-09-29,not identified in filings or news,Not identified,3.15,3.92,24.4,False
2seventy_bio_inc_TSVT.md,2023-10-27,not identified in filings or news,Not identified,3.76,2.15,-42.8,False
2seventy_bio_inc_TSVT.md,2023-12-08,not identified in filings or news,Not identified,1.94,3.1,59.8,False
2seventy_bio_inc_TSVT.md,2023-12-15,not identified in filings or news,Not identified,3.1,3.74,20.6,False
2seventy_bio_inc_TSVT.md,2024-02-02,not identified in filings or news,Not identified,3.22,5.25,63.0,False
2seventy_bio_inc_TSVT.md,2024-03-22,not identified in filings or news,Not identified,4.01,5.13,27.9,False
2seventy_bio_inc_TSVT.md,2024-11-15,not identified in filings or news,Not identified,4.73,3.52,-25.6,False
2seventy_bio_inc_TSVT.md,2025-03-14,not identified in filings or news,Not identified,2.66,4.95,86.1,False
89bio_inc_ETNB.md,,Trigger event,Event source,,,,True
89bio_inc_ETNB.md,2023-10-13,not identified in filings or news,Not identified,16.03,7.62,-52.5,False
89bio_inc_ETNB.md,2023-11-03,not identified in filings or news,Not identified,6.7,8.41,25.5,False
89bio_inc_ETNB.md,2024-11-15,not identified in filings or news,Not identified,10.45,7.93,-24.1,False
89bio_inc_ETNB.md,2025-01-31,not identified in filings or news,Not identified,7.13,9.6,34.6,False
89bio_inc_ETNB.md,2025-04-04,not identified in filings or news,Not identified,8.08,5.77,-28.6,False
89bio_inc_ETNB.md,2025-05-02,not identified in filings or news,Not identified,6.94,8.73,25.8,False
89bio_inc_ETNB.md,2025-05-23,not identified in filings or news,Not identified,7.78,9.49,22.1,False
89bio_inc_ETNB.md,2025-09-19,not identified in filings or news,Not identified,8.07,14.87,84.3,False
ablynx_nv_ABLX.md,,Trigger event,Event source,,,,True
ablynx_nv_ABLX.md,2018-01-12,not identified in filings or news,Not identified,25.91,42.28,63.2,False
acceleron_pharma_inc_XLRN.md,,Trigger event,Event source,,,,True
acceleron_pharma_inc_XLRN.md,2020-01-31,not identified in filings or news,Not identified,52.05,90.78,74.4,False
acceleron_pharma_inc_XLRN.md,2020-03-27,not identified in filings or news,Not identified,72.0,87.05,20.9,False
acceleron_pharma_inc_XLRN.md,2021-09-24,not identified in filings or news,Not identified,137.6,167.65,21.8,False
adamas_pharmaceuticals_inc_adms.md,,Trigger event,Event source,,,,True
adamas_pharmaceuticals_inc_adms.md,2019-11-08,Not identified in filings or news,News data not yet correlated with filings,4.34,5.63,29.7,False
adamas_pharmaceuticals_inc_adms.md,2019-12-20,Not identified in filings or news,News data not yet correlated with filings,6.66,3.71,-44.3,False
adamas_pharmaceuticals_inc_adms.md,2020-01-10,Not identified in filings or news,News data not yet correlated with filings,4.1,5.19,26.6,False
adamas_pharmaceuticals_inc_adms.md,2020-02-28,COVID-19 pandemic market volatility,Market conditions; not deal-specific,5.79,4.56,-21.2,True
adamas_pharmaceuticals_inc_adms.md,2020-03-13,COVID-19 pandemic market volatility,Market conditions; not deal-specific,3.89,2.7,-30.6,True
adamas_pharmaceuticals_inc_adms.md,2020-08-07,Possible clinical or commercial development news,Not identified in available filings or sample news,2.48,3.78,52.4,True
adamas_pharmaceuticals_inc_adms.md,2020-08-14,Continued positive momentum from prior week event,Possible continuation of prior week news impact,3.78,4.8,27.0,True
adamas_pharmaceuticals_inc_adms.md,2020-10-23,Not identified in filings or news,News data not yet correlated with filings,4.44,3.55,-20.0,False
adamas_pharmaceuticals_inc_adms.md,2021-01-29,Possible clinical data announcement or market enthusiasm for company program,Not identified in available filing sample; potential news event,4.72,5.91,25.2,True
adamas_pharmaceuticals_inc_adms.md,2021-10-15,Merger announcement with Supernus Pharmaceuticals; tender offer disclosure,"Agreement and Plan of Merger dated October 10, 2021; SC 14D-9 filings October 12 & 25, 2021 (accessions 0001104659-21-124984, 0001104659-21-124987, 0001104659-21-129362)",4.61,8.07,75.1,True
adams_respiratory_therapeutics_inc_ARXT.md,,Trigger event,Event source,,,,True
adams_respiratory_therapeutics_inc_ARXT.md,2007-03-16,not identified in filings or news,Not identified,37.92,28.22,-25.6,False
adams_respiratory_therapeutics_inc_ARXT.md,2007-03-23,not identified in filings or news,Not identified,28.22,35.01,24.1,False
adams_respiratory_therapeutics_inc_ARXT.md,2007-12-14,not identified in filings or news,Not identified,43.68,59.86,37.0,False
adolor_corp_ADLR.md,,Trigger event,Event source,,,,True
adolor_corp_ADLR.md,2010-03-05,not identified in filings or news,Not identified,1.53,1.85,20.9,False
adolor_corp_ADLR.md,2011-06-17,not identified in filings or news,Not identified,1.54,1.89,22.7,False
adolor_corp_ADLR.md,2011-07-08,not identified in filings or news,Not identified,2.09,2.63,25.8,False
adolor_corp_ADLR.md,2011-10-14,not identified in filings or news,Not identified,1.55,1.93,24.5,False
adolor_corp_ADLR.md,2011-10-28,not identified in filings or news,Not identified,1.92,4.49,133.9,False
advanced_accelerator_applications_s_a_AAAP.md,,Trigger event,Event source,,,,True
advanced_accelerator_applications_s_a_AAAP.md,2016-02-19,not identified in filings or news,Not identified,25.01,31.1,24.4,False
advanced_accelerator_applications_s_a_AAAP.md,2017-09-29,not identified in filings or news,Not identified,55.05,67.62,22.8,False
adverum_biotechnologies_inc_ADVM.md,,Trigger event,Event source,,,,True
adverum_biotechnologies_inc_ADVM.md,2024-02-02,not identified in filings or news,Not identified,0.94,1.42,51.1,False
adverum_biotechnologies_inc_ADVM.md,2024-02-09,not identified in filings or news,Not identified,1.42,1.73,21.8,False
adverum_biotechnologies_inc_ADVM.md,2024-03-22,not identified in filings or news,Not identified,1.7,16.06,844.7,False
adverum_biotechnologies_inc_ADVM.md,2025-05-16,not identified in filings or news,Not identified,2.81,2.12,-24.7,False
adverum_biotechnologies_inc_ADVM.md,2025-06-06,not identified in filings or news,Not identified,2.22,2.83,27.5,False
adverum_biotechnologies_inc_ADVM.md,2025-08-15,not identified in filings or news,Not identified,2.29,2.86,24.9,False
adverum_biotechnologies_inc_ADVM.md,2025-09-19,not identified in filings or news,Not identified,3.02,3.76,24.5,False
akcea_therapeutics_inc_AKCA.md,,Trigger event,Event source,,,,True
akcea_therapeutics_inc_AKCA.md,2018-09-28,not identified in filings or news,Not identified,27.98,35.02,25.2,False
akcea_therapeutics_inc_AKCA.md,2018-10-12,not identified in filings or news,Not identified,31.85,23.31,-26.8,False
akcea_therapeutics_inc_AKCA.md,2019-09-27,not identified in filings or news,Not identified,22.46,16.17,-28.0,False
akcea_therapeutics_inc_AKCA.md,2019-10-11,not identified in filings or news,Not identified,15.13,19.75,30.5,False
akcea_therapeutics_inc_AKCA.md,2020-03-13,not identified in filings or news,Not identified,16.72,12.67,-24.2,False
akcea_therapeutics_inc_AKCA.md,2020-09-04,not identified in filings or news,Not identified,11.38,18.16,59.6,False
akouos_inc_AKUS.md,,Trigger event,Event source,,,,True
akouos_inc_AKUS.md,2022-01-21,not identified in filings or news,Not identified,8.23,5.59,-32.1,False
akouos_inc_AKUS.md,2022-06-10,not identified in filings or news,Not identified,3.2,4.18,30.6,False
akouos_inc_AKUS.md,2022-07-01,not identified in filings or news,Not identified,3.97,3.11,-21.7,False
akouos_inc_AKUS.md,2022-07-08,not identified in filings or news,Not identified,3.11,3.89,25.1,False
akouos_inc_AKUS.md,2022-09-16,not identified in filings or news,Not identified,3.29,5.16,56.8,False
akouos_inc_AKUS.md,2022-09-30,not identified in filings or news,Not identified,4.44,6.76,52.3,False
akouos_inc_AKUS.md,2022-10-21,not identified in filings or news,Not identified,7.39,13.23,79.0,False
albireo_pharma_inc_ALBO.md,,Trigger event,Event source,,,,True
albireo_pharma_inc_ALBO.md,2022-03-04,not identified in filings or news,Not identified,33.66,26.48,-21.3,False
albireo_pharma_inc_ALBO.md,2022-03-11,not identified in filings or news,Not identified,26.48,32.15,21.4,False
albireo_pharma_inc_ALBO.md,2022-05-20,not identified in filings or news,Not identified,28.0,22.32,-20.3,False
albireo_pharma_inc_ALBO.md,2022-08-05,not identified in filings or news,Not identified,20.79,26.37,26.8,False
albireo_pharma_inc_ALBO.md,2022-08-19,not identified in filings or news,Not identified,23.85,17.61,-26.2,False
albireo_pharma_inc_ALBO.md,2023-01-13,not identified in filings or news,Not identified,22.82,43.9,92.4,False
alder_biopharmaceuticals_inc_ALDR.md,,Trigger event,Event source,,,,True
alder_biopharmaceuticals_inc_ALDR.md,2018-01-12,not identified in filings or news,Not identified,12.95,17.85,37.8,False
alder_biopharmaceuticals_inc_ALDR.md,2018-03-23,not identified in filings or news,Not identified,14.15,11.25,-20.5,False
alder_biopharmaceuticals_inc_ALDR.md,2019-01-18,not identified in filings or news,Not identified,10.83,13.41,23.8,False
alder_biopharmaceuticals_inc_ALDR.md,2019-09-20,not identified in filings or news,Not identified,10.06,18.64,85.3,False
alere_inc_ALR.md,,Trigger event,Event source,,,,True
alere_inc_ALR.md,2014-12-19,not identified in filings or news,Not identified,45.2,4.12,-90.9,False
alere_inc_ALR.md,2016-01-08,not identified in filings or news,Not identified,3.18,36.08,1034.6,False
alere_inc_ALR.md,2016-02-05,not identified in filings or news,Not identified,37.2,53.2,43.0,False
alexza_pharmaceuticals_inc_ALXA.md,,Trigger event,Event source,,,,True
alexza_pharmaceuticals_inc_ALXA.md,2014-11-07,not identified in filings or news,Not identified,2.26,1.67,-26.1,False
alexza_pharmaceuticals_inc_ALXA.md,2015-01-09,not identified in filings or news,Not identified,1.68,2.16,28.6,False
alexza_pharmaceuticals_inc_ALXA.md,2015-05-08,not identified in filings or news,Not identified,1.97,1.28,-35.1,False
alexza_pharmaceuticals_inc_ALXA.md,2016-01-08,not identified in filings or news,Not identified,0.7,0.54,-22.9,False
alexza_pharmaceuticals_inc_ALXA.md,2016-03-04,not identified in filings or news,Not identified,0.29,0.47,62.1,False
alexza_pharmaceuticals_inc_ALXA.md,2016-03-25,not identified in filings or news,Not identified,0.5,0.74,47.8,False
alexza_pharmaceuticals_inc_ALXA.md,2016-04-01,not identified in filings or news,Not identified,0.74,0.46,-37.5,False
alexza_pharmaceuticals_inc_ALXA.md,2016-04-15,not identified in filings or news,Not identified,0.5,0.6,20.9,False
alexza_pharmaceuticals_inc_ALXA.md,2016-05-13,not identified in filings or news,Not identified,0.54,0.91,68.5,False
allakos_inc_ALLK.md,,Trigger event,Event source,,,,True
allakos_inc_ALLK.md,2023-04-21,not identified in filings or news,Not identified,3.77,4.57,21.2,False
allakos_inc_ALLK.md,2023-08-11,not identified in filings or news,Not identified,5.49,4.22,-23.0,False
allakos_inc_ALLK.md,2023-08-18,not identified in filings or news,Not identified,4.22,3.1,-26.6,False
allakos_inc_ALLK.md,2023-11-03,not identified in filings or news,Not identified,1.76,2.25,27.8,False
allakos_inc_ALLK.md,2023-11-10,not identified in filings or news,Not identified,2.25,1.79,-20.4,False
allakos_inc_ALLK.md,2023-12-01,not identified in filings or news,Not identified,1.82,2.28,25.3,False
allakos_inc_ALLK.md,2023-12-08,not identified in filings or news,Not identified,2.28,3.11,36.4,False
allakos_inc_ALLK.md,2024-01-19,not identified in filings or news,Not identified,2.99,1.16,-61.2,False
allakos_inc_ALLK.md,2024-03-01,not identified in filings or news,Not identified,1.36,1.64,20.6,False
allakos_inc_ALLK.md,2024-07-05,not identified in filings or news,Not identified,1.0,0.73,-26.8,False
allakos_inc_ALLK.md,2024-07-26,not identified in filings or news,Not identified,0.69,0.92,32.8,False
allakos_inc_ALLK.md,2024-08-09,not identified in filings or news,Not identified,0.88,0.66,-24.5,False
allakos_inc_ALLK.md,2024-10-25,not identified in filings or news,Not identified,0.66,1.31,98.5,False
allakos_inc_ALLK.md,2024-11-22,not identified in filings or news,Not identified,1.16,0.88,-24.4,False
allakos_inc_ALLK.md,2025-01-24,not identified in filings or news,Not identified,0.86,1.21,41.4,False
allakos_inc_ALLK.md,2025-01-31,not identified in filings or news,Not identified,1.21,0.24,-80.1,False
allakos_inc_ALLK.md,2025-04-04,not identified in filings or news,Not identified,0.23,0.32,36.9,False
allergan_inc_AGN.md,,Trigger event,Event source,,,,True
alpharma_inc_ALO.md,,Trigger event,Event source,,,,True
alpharma_inc_ALO.md,2008-02-08,not identified in filings or news,Not identified,20.43,24.6,20.4,False
alpharma_inc_ALO.md,2008-08-22,not identified in filings or news,Not identified,24.55,34.51,40.6,False
alpine_immune_sciences_inc_ALPN.md,,Trigger event,Event source,,,,True
alpine_immune_sciences_inc_ALPN.md,2023-11-03,not identified in filings or news,Not identified,9.3,16.07,72.8,False
alpine_immune_sciences_inc_ALPN.md,2023-11-10,not identified in filings or news,Not identified,16.07,12.22,-24.0,False
alpine_immune_sciences_inc_ALPN.md,2024-01-26,not identified in filings or news,Not identified,19.84,25.12,26.6,False
alpine_immune_sciences_inc_ALPN.md,2024-04-12,not identified in filings or news,Not identified,34.91,64.37,84.4,False
amag_pharmaceuticals_inc_AMAG.md,,Trigger event,Event source,,,,True
amag_pharmaceuticals_inc_AMAG.md,2019-03-08,not identified in filings or news,Not identified,14.76,11.29,-23.5,False
amag_pharmaceuticals_inc_AMAG.md,2020-03-13,not identified in filings or news,Not identified,7.68,5.98,-22.1,False
amag_pharmaceuticals_inc_AMAG.md,2020-04-10,not identified in filings or news,Not identified,6.14,7.83,27.5,False
amag_pharmaceuticals_inc_AMAG.md,2020-05-15,not identified in filings or news,Not identified,9.23,6.86,-25.7,False
amag_pharmaceuticals_inc_AMAG.md,2020-06-12,not identified in filings or news,Not identified,8.89,7.1,-20.1,False
amag_pharmaceuticals_inc_AMAG.md,2020-10-02,not identified in filings or news,Not identified,8.93,13.74,53.9,False
ambit_biosciences_corp_AMBI.md,,Trigger event,Event source,,,,True
ambit_biosciences_corp_AMBI.md,2013-07-05,not identified in filings or news,Not identified,7.0,9.2,31.4,False
ambit_biosciences_corp_AMBI.md,2013-07-26,not identified in filings or news,Not identified,12.0,14.71,22.6,False
ambit_biosciences_corp_AMBI.md,2013-12-06,not identified in filings or news,Not identified,12.55,8.02,-36.1,False
ambit_biosciences_corp_AMBI.md,2013-12-13,not identified in filings or news,Not identified,8.02,9.66,20.4,False
ambit_biosciences_corp_AMBI.md,2014-08-29,not identified in filings or news,Not identified,6.11,7.57,24.0,False
ambit_biosciences_corp_AMBI.md,2014-10-03,not identified in filings or news,Not identified,8.2,15.38,87.6,False
amylin_pharmaceuticals_inc_AMLN.md,,Trigger event,Event source,,,,True
amylin_pharmaceuticals_inc_AMLN.md,2010-10-22,not identified in filings or news,Not identified,21.04,11.3,-46.3,False
amylin_pharmaceuticals_inc_AMLN.md,2011-03-04,not identified in filings or news,Not identified,15.51,11.07,-28.6,False
amylin_pharmaceuticals_inc_AMLN.md,2012-02-03,not identified in filings or news,Not identified,12.14,17.1,40.9,False
amylin_pharmaceuticals_inc_AMLN.md,2012-03-30,not identified in filings or news,Not identified,15.52,24.96,60.8,False
anacor_pharmaceuticals_inc_ANAC.md,,Trigger event,Event source,,,,True
anacor_pharmaceuticals_inc_ANAC.md,2016-05-20,not identified in filings or news,Not identified,64.03,99.66,55.6,False
anadys_pharmaceuticals_inc_ands.md,,Trigger event,Event source,,,,True
anadys_pharmaceuticals_inc_ands.md,2009-10-30,not identified in filings or news,not identified in filings or news,2.21,1.95,-11.8,False
anadys_pharmaceuticals_inc_ands.md,2009-12-04,not identified in filings or news,not identified in filings or news,2.29,2.58,12.7,False
anadys_pharmaceuticals_inc_ands.md,2010-02-26,not identified in filings or news,not identified in filings or news,2.35,1.93,-17.9,False
anadys_pharmaceuticals_inc_ands.md,2010-03-12,not identified in filings or news,not identified in filings or news,1.99,2.23,12.1,False
anadys_pharmaceuticals_inc_ands.md,2010-07-02,not identified in filings or news,not identified in filings or news,2.28,2.02,-11.4,False
anadys_pharmaceuticals_inc_ands.md,2010-09-24,not identified in filings or news,not identified in filings or news,1.78,2.22,24.7,False
anadys_pharmaceuticals_inc_ands.md,2010-10-08,not identified in filings or news,not identified in filings or news,2.3,2.07,-10.0,False
anadys_pharmaceuticals_inc_ands.md,2010-10-15,Pricing of public offering,2011-10-25 SC 14D9,2.07,1.75,-15.5,True
anadys_pharmaceuticals_inc_ands.md,2010-11-05,not identified in filings or news,not identified in filings or news,1.45,1.29,-11.0,False
anadys_pharmaceuticals_inc_ands.md,2010-12-24,not identified in filings or news,not identified in filings or news,0.95,1.23,29.5,False
anadys_pharmaceuticals_inc_ands.md,2010-12-31,not identified in filings or news,not identified in filings or news,1.23,1.42,15.4,False
anadys_pharmaceuticals_inc_ands.md,2011-04-01,Execution of clinical collaboration agreement,2011-10-25 SC 14D9,1.14,1.28,12.3,True
anadys_pharmaceuticals_inc_ands.md,2011-08-05,not identified in filings or news,not identified in filings or news,0.97,0.8,-17.5,False
anadys_pharmaceuticals_inc_ands.md,2011-09-16,not identified in filings or news,not identified in filings or news,0.65,0.95,47.3,False
anadys_pharmaceuticals_inc_ands.md,2011-10-21,Announcement of acquisition by Roche,2011-10-25 SC 14D9,1.04,3.67,253.4,True
anormed_inc_ANOR.md,,Trigger event,Event source,,,,True
anormed_inc_ANOR.md,2006-09-01,not identified in filings or news,Not identified,5.51,9.94,80.4,False
anormed_inc_ANOR.md,2006-09-29,not identified in filings or news,Not identified,9.98,12.65,26.8,False
apellis_pharmaceuticals_inc_APLS.md,,Trigger event,Event source,,,,True
apellis_pharmaceuticals_inc_APLS.md,2025-10-31,not identified in filings or news,Not identified,28.17,21.47,-23.8,False
apellis_pharmaceuticals_inc_APLS.md,2026-01-16,not identified in filings or news,Not identified,27.3,19.94,-27.0,False
apellis_pharmaceuticals_inc_APLS.md,2026-04-03,not identified in filings or news,Not identified,16.97,40.41,138.1,False
apellis_pharmaceuticals_inc_APLS.md,2026-05-15,not identified in filings or news,Not identified,41.03,3.51,-91.4,False
applied_genetic_technologies_corp_AGTC.md,,Trigger event,Event source,,,,True
applied_genetic_technologies_corp_AGTC.md,2021-02-05,not identified in filings or news,Not identified,3.94,5.27,33.8,False
applied_genetic_technologies_corp_AGTC.md,2021-02-26,not identified in filings or news,Not identified,7.03,5.08,-27.7,False
applied_genetic_technologies_corp_AGTC.md,2022-01-28,not identified in filings or news,Not identified,1.57,1.9,21.0,False
applied_genetic_technologies_corp_AGTC.md,2022-03-25,not identified in filings or news,Not identified,1.88,1.23,-34.6,False
applied_genetic_technologies_corp_AGTC.md,2022-05-20,not identified in filings or news,Not identified,0.73,0.88,21.1,False
applied_genetic_technologies_corp_AGTC.md,2022-06-24,not identified in filings or news,Not identified,0.79,0.62,-21.9,False
applied_genetic_technologies_corp_AGTC.md,2022-07-01,not identified in filings or news,Not identified,0.62,0.78,26.4,False
applied_genetic_technologies_corp_AGTC.md,2022-07-15,not identified in filings or news,Not identified,0.89,0.35,-60.0,False
applied_genetic_technologies_corp_AGTC.md,2022-09-23,not identified in filings or news,Not identified,0.39,0.29,-25.3,False
applied_genetic_technologies_corp_AGTC.md,2022-10-28,not identified in filings or news,Not identified,0.24,0.41,70.8,False
applied_therapeutics_inc_APLT.md,,Trigger event,Event source,,,,True
applied_therapeutics_inc_APLT.md,2024-01-05,not identified in filings or news,Not identified,3.35,2.25,-32.8,False
applied_therapeutics_inc_APLT.md,2024-02-16,not identified in filings or news,Not identified,2.78,5.38,93.5,False
applied_therapeutics_inc_APLT.md,2024-03-01,not identified in filings or news,Not identified,5.74,7.07,23.2,False
applied_therapeutics_inc_APLT.md,2024-07-12,not identified in filings or news,Not identified,4.51,5.55,23.1,False
applied_therapeutics_inc_APLT.md,2024-09-20,not identified in filings or news,Not identified,4.89,7.7,57.5,False
applied_therapeutics_inc_APLT.md,2024-11-29,not identified in filings or news,Not identified,9.62,2.03,-78.9,False
applied_therapeutics_inc_APLT.md,2024-12-06,not identified in filings or news,Not identified,2.03,1.28,-36.9,False
applied_therapeutics_inc_APLT.md,2024-12-20,not identified in filings or news,Not identified,1.15,0.88,-23.5,False
applied_therapeutics_inc_APLT.md,2025-01-10,not identified in filings or news,Not identified,0.94,0.68,-28.0,False
applied_therapeutics_inc_APLT.md,2025-05-16,not identified in filings or news,Not identified,0.4,0.6,50.8,False
applied_therapeutics_inc_APLT.md,2025-05-23,not identified in filings or news,Not identified,0.6,0.41,-32.0,False
applied_therapeutics_inc_APLT.md,2025-07-11,not identified in filings or news,Not identified,0.32,0.41,29.3,False
applied_therapeutics_inc_APLT.md,2025-09-26,not identified in filings or news,Not identified,0.43,1.24,185.3,False
applied_therapeutics_inc_APLT.md,2025-10-17,not identified in filings or news,Not identified,0.94,1.28,36.1,False
applied_therapeutics_inc_APLT.md,2025-11-07,not identified in filings or news,Not identified,1.15,0.85,-26.1,False
applied_therapeutics_inc_APLT.md,2025-11-14,not identified in filings or news,Not identified,0.85,0.22,-74.3,False
applied_therapeutics_inc_APLT.md,2025-12-12,not identified in filings or news,Not identified,0.22,0.12,-45.8,False
arcellx_inc_aclx.md,,Trigger event,Event source,,,,True
arcellx_inc_aclx.md,2026-02-27,not identified in filings or news,Not identified,64.11,113.79,77.5,False
ariad_pharmaceuticals_inc_ARIA.md,,Trigger event,Event source,,,,True
ariad_pharmaceuticals_inc_ARIA.md,2015-08-28,not identified in filings or news,Not identified,6.63,9.89,49.2,False
ariad_pharmaceuticals_inc_ARIA.md,2016-11-11,not identified in filings or news,Not identified,8.88,12.43,40.1,False
ariad_pharmaceuticals_inc_ARIA.md,2017-01-13,not identified in filings or news,Not identified,13.74,23.69,72.4,False
armo_biosciences_inc_armo.md,,Trigger event,Event source,,,,True
armo_biosciences_inc_armo.md,2018-02-16,ARMO rings NASDAQ closing bell; post-IPO volatility,2018-02-12 news,38.3,53.65,40.1,True
armo_biosciences_inc_armo.md,2018-02-23,Not identified in filings or news,Not identified,53.65,46.06,-14.1,False
armo_biosciences_inc_armo.md,2018-03-16,Not identified in filings or news,Not identified,47.8,40.6,-15.1,False
armo_biosciences_inc_armo.md,2018-04-13,Anticipation of competitive clinical data,2018-04-16 filing mention,35.89,28.86,-19.6,True
armo_biosciences_inc_armo.md,2018-05-11,Acquisition by Eli Lilly announced at $50.00/share,2018-05-10 news,27.98,49.81,78.0,True
arqule_inc_arql.md,,Trigger event,Event source,,,,True
arqule_inc_arql.md,2019-06-21,"Merck telephone call regarding co-development partnership interest in ARQ 531 (June 27, 2019)","SC 14D9 Interaction History; Merger Agreement signed December 6, 2019",5.32,5.02,-5.6,True
arqule_inc_arql.md,2019-07-19,"Initial confidentiality agreement executed between ArQule and Merck for ARQ 531 due diligence (October 1, 2019, but discussions ongoing July-October)",SC 14D9 Interaction History,5.88,5.33,-9.3,True
arqule_inc_arql.md,2019-10-18,Partnership discussions continuing; Merck conducting due diligence on ARQ 531 clinical data under CDA,SC 14D9 Interaction History,7.46,7.22,-3.2,True
arqule_inc_arql.md,2019-11-15,Stock rises as ASH Conference (December 7-10) approaches at which ArQule will present Phase 1 ARQ 531 results,"SC 14D9 (Item 5, discusses public announcement November 25, 2019 disclosure that data would be presented at ASH)",8.0,7.88,-1.5,True
arqule_inc_arql.md,2019-11-22,"Merck indicates interest in broader acquisition (not just partnership) on November 20, 2019; confidentiality agreement amended November 25, 2019 to expand scope to full company data",SC 14D9 Interaction History; Merger Agreement signed December 6 (contingent on November 20-25 discussions),8.93,8.19,-8.3,True
arqule_inc_arql.md,2019-11-29,"Merck proposes acquisition at $18.00 per share on November 29, 2019; arises during week leading into ASH Conference (December 7-10)",SC 14D9 Interaction History (November 29 proposal); news articles on ArQule-Merck discussions rumored,10.05,9.59,-4.6,True
arqule_inc_arql.md,2019-12-06,"Board approves Merger Agreement at $20.00 per share on December 6, 2019; deal to be announced morning of December 9",SC 14D9 Interaction History,10.03,9.67,-3.6,True
arqule_inc_arql.md,2019-12-13,"Deal announcement morning of December 9, 2019, before market open; ASH Conference results released same day; tender offer commences December 17, 2019 at $20.00 per share","SC 14D9 filed December 17, 2019; Merger Agreement dated December 6; 8-K filed December 9",10.03,20.07,100.1,True
arqule_inc_arql.md,2019-12-20,Tender offer ongoing; no new material events disclosed during this week,SC 14D9 filed December 17 (covers events through December 11),20.45,20.19,-1.3,True
arqule_inc_arql.md,2019-12-27,Tender offer ongoing; no new material events; holidays reduce trading volume,SC 14D9 filed December 17,20.24,20.05,-0.9,True
arqule_inc_arql.md,2020-01-10,"Tender offer expiration date January 15, 2020 approaching; market digesting that 75.3% tender rate will satisfy minimum condition (>50% of fully diluted)","8-K filed January 16, 2020 (describing January 15 tender results)",20.05,19.99,-0.3,True
arqule_inc_arql.md,2020-01-17,"Deal closes January 16, 2020; Merger becomes effective; stock trading suspended and delisted from Nasdaq","8-K filed January 16, 2020",20.01,20.0,-0.05,True
array_biopharma_inc_ARRY.md,,Trigger event,Event source,,,,True
array_biopharma_inc_ARRY.md,2019-05-24,not identified in filings or news,Not identified,21.86,27.09,23.9,False
assertio_holdings_inc_ASRT.md,,Trigger event,Event source,,,,True
assertio_holdings_inc_ASRT.md,2025-12-26,not identified in filings or news,Not identified,0.72,9.94,1280.6,False
assertio_holdings_inc_ASRT.md,2026-01-16,not identified in filings or news,Not identified,9.19,11.48,24.9,False
assertio_holdings_inc_ASRT.md,2026-03-27,not identified in filings or news,Not identified,13.37,19.39,45.0,False
assertio_holdings_inc_ASRT.md,2026-05-08,not identified in filings or news,Not identified,18.47,22.5,21.8,False
assertio_therapeutics_inc_ASRT.md,,Trigger event,Event source,,,,True
assertio_therapeutics_inc_ASRT.md,2013-12-20,not identified in filings or news,Not identified,8.2,10.05,22.6,False
assertio_therapeutics_inc_ASRT.md,2014-05-09,not identified in filings or news,Not identified,13.94,10.57,-24.2,False
assertio_therapeutics_inc_ASRT.md,2015-07-10,not identified in filings or news,Not identified,20.84,30.14,44.6,False
assertio_therapeutics_inc_ASRT.md,2015-09-25,not identified in filings or news,Not identified,28.8,22.76,-21.0,False
audentes_therapeutics_inc_BOLD.md,,Trigger event,Event source,,,,True
audentes_therapeutics_inc_BOLD.md,2018-04-13,not identified in filings or news,Not identified,28.11,37.88,34.8,False
audentes_therapeutics_inc_BOLD.md,2018-10-12,not identified in filings or news,Not identified,36.64,27.69,-24.4,False
audentes_therapeutics_inc_BOLD.md,2019-03-01,not identified in filings or news,Not identified,26.27,34.16,30.0,False
audentes_therapeutics_inc_BOLD.md,2019-12-06,not identified in filings or news,Not identified,29.03,59.25,104.1,False
auspex_pharmaceuticals_inc_ASPX.md,,Trigger event,Event source,,,,True
auspex_pharmaceuticals_inc_ASPX.md,2014-02-14,not identified in filings or news,Not identified,17.65,23.93,35.6,False
auspex_pharmaceuticals_inc_ASPX.md,2014-03-07,not identified in filings or news,Not identified,24.7,29.66,20.1,False
auspex_pharmaceuticals_inc_ASPX.md,2014-04-18,not identified in filings or news,Not identified,29.94,20.86,-30.3,False
auspex_pharmaceuticals_inc_ASPX.md,2014-07-11,not identified in filings or news,Not identified,25.22,20.01,-20.7,False
auspex_pharmaceuticals_inc_ASPX.md,2014-12-19,not identified in filings or news,Not identified,24.9,53.37,114.3,False
auspex_pharmaceuticals_inc_ASPX.md,2015-04-03,not identified in filings or news,Not identified,70.91,100.55,41.8,False
avanir_pharmaceuticals_inc_AVNR.md,,Trigger event,Event source,,,,True
avanir_pharmaceuticals_inc_AVNR.md,2013-09-13,not identified in filings or news,Not identified,5.84,4.08,-30.1,False
avanir_pharmaceuticals_inc_AVNR.md,2013-12-13,not identified in filings or news,Not identified,4.34,2.84,-34.6,False
avanir_pharmaceuticals_inc_AVNR.md,2013-12-20,not identified in filings or news,Not identified,2.84,3.44,21.1,False
avanir_pharmaceuticals_inc_AVNR.md,2014-05-02,not identified in filings or news,Not identified,3.3,4.63,40.3,False
avanir_pharmaceuticals_inc_AVNR.md,2014-09-19,not identified in filings or news,Not identified,6.74,11.04,63.8,False
avexis_inc_AVXS.md,,Trigger event,Event source,,,,True
avexis_inc_AVXS.md,2016-05-13,not identified in filings or news,Not identified,25.33,33.74,33.2,False
avexis_inc_AVXS.md,2016-09-16,not identified in filings or news,Not identified,32.93,41.72,26.7,False
avexis_inc_AVXS.md,2016-11-04,not identified in filings or news,Not identified,47.1,64.09,36.1,False
avexis_inc_AVXS.md,2017-03-03,not identified in filings or news,Not identified,55.1,66.82,21.3,False
avexis_inc_AVXS.md,2018-04-13,not identified in filings or news,Not identified,115.91,211.14,82.2,False
avigen_inc_de_AVGN.md,,Trigger event,Event source,,,,True
avigen_inc_de_AVGN.md,2008-05-02,not identified in filings or news,Not identified,2.77,3.45,24.5,False
avigen_inc_de_AVGN.md,2008-09-26,not identified in filings or news,Not identified,4.4,3.51,-20.2,False
avigen_inc_de_AVGN.md,2008-10-24,not identified in filings or news,Not identified,3.26,0.57,-82.5,False
avigen_inc_de_AVGN.md,2008-11-07,not identified in filings or news,Not identified,0.6,0.75,25.0,False
avigen_inc_de_AVGN.md,2008-12-19,not identified in filings or news,Not identified,0.51,0.66,29.4,False
bayer_schering_pharma_aktiengesellschaft_no_ticker.md,,Trigger event,Event source,,,,True
biodelivery_sciences_international_bdsi.md,,Trigger event,Event source,,,,True
biodelivery_sciences_international_bdsi.md,2020-03-20,COVID-19 market sell-off; sector-wide biotechnology decline,News/market-wide event,4.13,3.24,-21.5,True
biodelivery_sciences_international_bdsi.md,2021-05-28,Decline in BELBUCA revenue trends or competitive pressure in opioid space,Not disclosed in filings; underlying cause unclear,4.39,3.29,-25.1,True
biodelivery_sciences_international_bdsi.md,2021-12-24,Recovery and market optimism; anticipation of ELYXYB launch in 2022,Inferred from timeline (Collegium discussions began Dec 22; initial signal of acquisition interest),2.6,3.22,23.8,True
biodelivery_sciences_international_bdsi.md,2022-02-18,Public announcement of Merger Agreement with Collegium at $5.60 per share (February 14 announcement; tender offer commenced February 18),"SEC filings (Schedule 14D-9, filed Feb 18; press release announcement Feb 14)",3.64,5.56,52.7,True
bioenvision_inc_BIVN.md,,Trigger event,Event source,,,,True
bioenvision_inc_BIVN.md,2006-08-18,not identified in filings or news,Not identified,4.17,5.6,34.3,False
bioenvision_inc_BIVN.md,2007-05-25,not identified in filings or news,Not identified,4.0,5.25,31.2,False
biospecifics_technologies_corp_BSTC.md,,Trigger event,Event source,,,,True
biospecifics_technologies_corp_BSTC.md,2020-03-20,not identified in filings or news,Not identified,55.62,44.47,-20.0,False
biospecifics_technologies_corp_BSTC.md,2020-10-23,not identified in filings or news,Not identified,61.02,88.16,44.5,False
biotie_therapies_corp_BITI.md,,Trigger event,Event source,,,,True
biotie_therapies_corp_BITI.md,2015-06-19,not identified in filings or news,Not identified,19.2,24.03,25.2,False
biotie_therapies_corp_BITI.md,2016-01-22,not identified in filings or news,Not identified,13.2,24.58,86.2,False
bioverativ_inc_BIVV.md,,Trigger event,Event source,,,,True
bioverativ_inc_BIVV.md,2018-01-26,not identified in filings or news,Not identified,64.11,103.03,60.7,False
bluebird_bio_inc_BLUE.md,,Trigger event,Event source,,,,True
bluebird_bio_inc_BLUE.md,2023-03-31,not identified in filings or news,Not identified,4.43,3.18,-28.2,False
bluebird_bio_inc_BLUE.md,2023-04-28,not identified in filings or news,Not identified,3.43,4.35,26.8,False
bluebird_bio_inc_BLUE.md,2023-07-21,not identified in filings or news,Not identified,3.03,4.05,33.7,False
bluebird_bio_inc_BLUE.md,2023-11-03,not identified in filings or news,Not identified,2.73,3.48,27.7,False
bluebird_bio_inc_BLUE.md,2023-12-08,not identified in filings or news,Not identified,4.26,2.86,-32.9,False
bluebird_bio_inc_BLUE.md,2023-12-22,not identified in filings or news,Not identified,3.27,1.4,-57.2,False
bluebird_bio_inc_BLUE.md,2024-02-23,not identified in filings or news,Not identified,1.02,1.25,22.5,False
bluebird_bio_inc_BLUE.md,2024-03-01,not identified in filings or news,Not identified,1.25,1.56,25.2,False
bluebird_bio_inc_BLUE.md,2024-07-12,not identified in filings or news,Not identified,0.92,1.22,32.1,False
bluebird_bio_inc_BLUE.md,2024-08-16,not identified in filings or news,Not identified,1.0,0.71,-28.8,False
bluebird_bio_inc_BLUE.md,2024-09-20,not identified in filings or news,Not identified,0.61,0.47,-22.4,False
bluebird_bio_inc_BLUE.md,2024-11-15,not identified in filings or news,Not identified,0.41,0.32,-20.9,False
bluebird_bio_inc_BLUE.md,2024-12-13,not identified in filings or news,Not identified,0.46,6.34,1292.8,False
bluebird_bio_inc_BLUE.md,2024-12-20,not identified in filings or news,Not identified,6.34,8.5,34.1,False
bluebird_bio_inc_BLUE.md,2025-02-21,not identified in filings or news,Not identified,7.27,4.08,-43.9,False
bluebird_bio_inc_BLUE.md,2025-04-04,not identified in filings or news,Not identified,4.08,4.95,21.3,False
bluebird_bio_inc_BLUE.md,2025-05-16,not identified in filings or news,Not identified,3.5,4.97,42.0,False
blueprint_medicines_corp_BPMC.md,,Trigger event,Event source,,,,True
blueprint_medicines_corp_BPMC.md,2023-08-04,not identified in filings or news,Not identified,63.12,49.84,-21.0,False
blueprint_medicines_corp_BPMC.md,2025-01-17,not identified in filings or news,Not identified,87.43,110.05,25.9,False
blueprint_medicines_corp_BPMC.md,2025-06-06,not identified in filings or news,Not identified,101.35,127.85,26.1,False
cadence_pharmaceuticals_cadx.md,,Trigger event,Event source,,,,True
cadence_pharmaceuticals_cadx.md,2013-11-15,U.S. District Court for the District of Delaware ruled in favor of Cadence in patent infringement lawsuit against Exela; court upheld validity of OFIRMEV patents and found Exela's generic applications infringed,"SC 14D9 (November 14, 2013 disclosure, Item 3, Page 13)",9.5,10.04,5.7,True
cadence_pharmaceuticals_cadx.md,2014-01-24,Board meeting January 23 approved strategic transaction path and discussions with Mallinckrodt; major pharmaceutical buyers deemed unlikely to exceed $14.00 per share,"SC 14D9 (Item 3, pages 14-16)",11.73,13.66,16.4,True
cadence_pharmaceuticals_cadx.md,2014-02-07,"Merger Agreement with Mallinckrodt executed on February 10, 2014, at $14.00 per share; Board unanimously recommended tender offer","SC 14D9 (Item 2 and Item 4); 8-K filed February 11, 2014 (accession 0001193125-14-032476)",13.93,13.95,0.1,True
cadence_pharmaceuticals_cadx.md,2014-03-21,"Merger effective March 19, 2014; Cadence delisted from NASDAQ; Company ceased independent public trading","8-K filed March 19, 2014 (accession 0001193125-14-106440, Item 2.01 and Item 3.01)",14.0,14.0,0.0,True
cadista_holdings_inc_CADI.md,,Trigger event,Event source,,,,True
calliditas_therapeutics_ab_CALT.md,,Trigger event,Event source,,,,True
calliditas_therapeutics_ab_CALT.md,2022-08-19,not identified in filings or news,Not identified,21.9,16.13,-26.3,False
calliditas_therapeutics_ab_CALT.md,2023-03-17,not identified in filings or news,Not identified,16.83,24.8,47.4,False
calliditas_therapeutics_ab_CALT.md,2023-05-19,not identified in filings or news,Not identified,24.76,19.58,-20.9,False
calliditas_therapeutics_ab_CALT.md,2023-12-15,not identified in filings or news,Not identified,18.19,22.09,21.4,False
calliditas_therapeutics_ab_CALT.md,2023-12-22,not identified in filings or news,Not identified,22.09,27.17,23.0,False
calliditas_therapeutics_ab_CALT.md,2024-05-31,not identified in filings or news,Not identified,22.42,39.99,78.4,False
cargo_therapeutics_inc_CRGX.md,,Trigger event,Event source,,,,True
cargo_therapeutics_inc_CRGX.md,2023-12-22,not identified in filings or news,Not identified,18.16,24.23,33.4,False
cargo_therapeutics_inc_CRGX.md,2024-03-08,not identified in filings or news,Not identified,25.07,30.72,22.5,False
cargo_therapeutics_inc_CRGX.md,2024-09-27,not identified in filings or news,Not identified,23.85,17.42,-27.0,False
cargo_therapeutics_inc_CRGX.md,2024-11-15,not identified in filings or news,Not identified,22.36,16.0,-28.4,False
cargo_therapeutics_inc_CRGX.md,2024-12-13,not identified in filings or news,Not identified,18.47,13.74,-25.6,False
cargo_therapeutics_inc_CRGX.md,2025-01-31,not identified in filings or news,Not identified,13.46,3.6,-73.3,False
celator_pharmaceuticals_inc_cpxx.md,,Trigger event,Event source,,,,True
celator_pharmaceuticals_inc_cpxx.md,2016-03-18,Positive Phase 3 trial results announced for VYXEOS; company announced statistically significant improvement in overall survival versus standard of care in high-risk AML; conference call held March 15,"SC 14D9 Item 4, Item 3 (Background); March 14-15 announcement before market open March 14 and conference call March 15",1.68,8.94,431.5,True
celator_pharmaceuticals_inc_cpxx.md,2016-04-28,Jazz submits non-binding indication of interest at $20.00 per share,"SC 14D9 Item 3; April 28, 2016",14.84,14.84,0.0,True
celator_pharmaceuticals_inc_cpxx.md,2016-05-06,Public offering of 4.6 million shares at $9.50 per share completed; completion coincides with week of significant stock appreciation,"SC 14D9 Item 3 (March 29, 2016 offering closed); filing indicates March 29 completion; chart shows price movement 4/29-5/6",14.84,16.98,14.4,True
celator_pharmaceuticals_inc_cpxx.md,2016-05-20,"May 20 proposals received from four acquirers: Jazz $20.00, Party B $21.00, Party C $18.00, Party D $21.00; additionally partnerships proposals from Party E and F",SC 14D9 Item 3,16.9,16.9,0.0,True
celator_pharmaceuticals_inc_cpxx.md,2016-05-27,"Merger Agreement executed; Jazz selected as winning bidder at $30.25 per share, announcement to follow pre-market May 31","SC 14D9 Item 3; merger agreement execution May 27 afternoon, but announcement May 31 pre-market",17.5,30.24,72.8,True
celator_pharmaceuticals_inc_cpxx.md,2016-06-03,Joint press release from Jazz and Celator announcing executed Merger Agreement at $30.25 per share; tender offer to commence June 10,"Joint press release May 31 morning pre-market (before market open), filed into SEC as 8-K exhibit; material inflection occurred week of May 27-June 3",17.5,30.24,72.8,True
cellular_dynamics_international_inc_ICEL.md,,Trigger event,Event source,,,,True
cellular_dynamics_international_inc_ICEL.md,2013-08-09,not identified in filings or news,Not identified,9.98,12.11,21.3,False
cellular_dynamics_international_inc_ICEL.md,2013-09-06,not identified in filings or news,Not identified,13.06,17.04,30.5,False
cellular_dynamics_international_inc_ICEL.md,2014-09-26,not identified in filings or news,Not identified,9.08,6.52,-28.2,False
cellular_dynamics_international_inc_ICEL.md,2014-10-17,not identified in filings or news,Not identified,5.83,7.04,20.8,False
cellular_dynamics_international_inc_ICEL.md,2014-12-19,not identified in filings or news,Not identified,5.19,6.49,25.0,False
cellular_dynamics_international_inc_ICEL.md,2015-03-06,not identified in filings or news,Not identified,5.43,6.61,21.7,False
cellular_dynamics_international_inc_ICEL.md,2015-04-03,not identified in filings or news,Not identified,7.94,16.46,107.3,False
chattem_inc_CHTT.md,,Trigger event,Event source,,,,True
chattem_inc_CHTT.md,2008-02-01,not identified in filings or news,Not identified,65.15,79.73,22.4,False
chattem_inc_CHTT.md,2009-12-25,not identified in filings or news,Not identified,69.98,93.25,33.3,False
checkmate_pharmaceuticals_inc_CMPI.md,,Trigger event,Event source,,,,True
checkmate_pharmaceuticals_inc_CMPI.md,2020-10-02,not identified in filings or news,Not identified,9.74,11.79,21.0,False
checkmate_pharmaceuticals_inc_CMPI.md,2020-12-11,not identified in filings or news,Not identified,13.0,16.81,29.3,False
checkmate_pharmaceuticals_inc_CMPI.md,2021-04-16,not identified in filings or news,Not identified,10.57,6.67,-36.9,False
checkmate_pharmaceuticals_inc_CMPI.md,2021-08-27,not identified in filings or news,Not identified,4.55,5.91,29.9,False
checkmate_pharmaceuticals_inc_CMPI.md,2022-02-11,not identified in filings or news,Not identified,2.39,3.36,40.6,False
checkmate_pharmaceuticals_inc_CMPI.md,2022-04-22,not identified in filings or news,Not identified,2.54,10.39,309.1,False
chelsea_therapeutics_international_ltd_CHTP.md,,Trigger event,Event source,,,,True
chelsea_therapeutics_international_ltd_CHTP.md,2012-06-01,not identified in filings or news,Not identified,1.87,1.35,-27.8,False
chelsea_therapeutics_international_ltd_CHTP.md,2012-09-07,not identified in filings or news,Not identified,1.05,1.31,24.8,False
chelsea_therapeutics_international_ltd_CHTP.md,2012-10-26,not identified in filings or news,Not identified,1.35,1.86,37.8,False
chelsea_therapeutics_international_ltd_CHTP.md,2012-12-07,not identified in filings or news,Not identified,1.87,0.94,-49.7,False
chelsea_therapeutics_international_ltd_CHTP.md,2013-02-22,not identified in filings or news,Not identified,0.79,1.69,113.9,False
chelsea_therapeutics_international_ltd_CHTP.md,2013-06-07,not identified in filings or news,Not identified,1.93,2.47,28.0,False
chelsea_therapeutics_international_ltd_CHTP.md,2014-01-10,not identified in filings or news,Not identified,3.5,2.5,-28.6,False
chelsea_therapeutics_international_ltd_CHTP.md,2014-01-17,not identified in filings or news,Not identified,2.5,4.76,90.4,False
chelsea_therapeutics_international_ltd_CHTP.md,2014-02-21,not identified in filings or news,Not identified,4.73,6.04,27.7,False
chelsea_therapeutics_international_ltd_CHTP.md,2014-05-09,not identified in filings or news,Not identified,5.13,6.57,28.1,False
chembio_diagnostics_inc_CEMI.md,,Trigger event,Event source,,,,True
chembio_diagnostics_inc_CEMI.md,2021-03-05,not identified in filings or news,Not identified,5.56,4.28,-23.0,False
chembio_diagnostics_inc_CEMI.md,2021-07-23,not identified in filings or news,Not identified,2.41,3.06,27.0,False
chembio_diagnostics_inc_CEMI.md,2021-08-27,not identified in filings or news,Not identified,2.46,2.99,21.5,False
chembio_diagnostics_inc_CEMI.md,2021-12-31,not identified in filings or news,Not identified,1.74,1.14,-34.5,False
chembio_diagnostics_inc_CEMI.md,2022-02-04,not identified in filings or news,Not identified,0.83,1.0,20.1,False
chembio_diagnostics_inc_CEMI.md,2022-07-08,not identified in filings or news,Not identified,0.64,0.83,30.6,False
chembio_diagnostics_inc_CEMI.md,2022-08-05,not identified in filings or news,Not identified,0.69,1.1,59.4,False
chembio_diagnostics_inc_CEMI.md,2022-08-12,not identified in filings or news,Not identified,1.1,0.86,-21.8,False
chembio_diagnostics_inc_CEMI.md,2022-08-26,not identified in filings or news,Not identified,0.83,0.66,-20.6,False
chembio_diagnostics_inc_CEMI.md,2022-10-14,not identified in filings or news,Not identified,0.4,0.3,-24.6,False
chembio_diagnostics_inc_CEMI.md,2022-11-25,not identified in filings or news,Not identified,0.26,0.32,21.2,False
chembio_diagnostics_inc_CEMI.md,2022-12-23,not identified in filings or news,Not identified,0.28,0.22,-20.2,False
chembio_diagnostics_inc_CEMI.md,2023-01-06,not identified in filings or news,Not identified,0.22,0.27,23.8,False
chembio_diagnostics_inc_CEMI.md,2023-01-13,not identified in filings or news,Not identified,0.27,0.36,32.6,False
chembio_diagnostics_inc_CEMI.md,2023-02-03,not identified in filings or news,Not identified,0.35,0.44,25.7,False
chembio_diagnostics_inc_CEMI.md,2023-03-17,not identified in filings or news,Not identified,0.44,0.35,-21.2,False
chimerix_inc_cmrx.md,,Trigger event,Event source,,,,True
chimerix_inc_cmrx.md,2024-02-16,not identified in filings or news,Not identified,0.93,1.15,23.7,False
chimerix_inc_cmrx.md,2024-08-16,not identified in filings or news,Not identified,0.82,1.02,24.4,False
chimerix_inc_cmrx.md,2024-12-13,not identified in filings or news,Not identified,0.83,2.95,254.6,False
chimerix_inc_cmrx.md,2025-03-07,not identified in filings or news,Not identified,5.25,8.43,60.6,False
cidara_therapeutics_inc_CDTX.md,,Trigger event,Event source,,,,True
cidara_therapeutics_inc_CDTX.md,2024-04-05,not identified in filings or news,Not identified,0.92,1.16,26.1,False
cidara_therapeutics_inc_CDTX.md,2024-04-12,not identified in filings or news,Not identified,1.16,0.81,-30.2,False
cidara_therapeutics_inc_CDTX.md,2024-04-26,not identified in filings or news,Not identified,0.68,12.63,1754.6,False
cidara_therapeutics_inc_CDTX.md,2024-11-22,not identified in filings or news,Not identified,14.37,20.4,42.0,False
cidara_therapeutics_inc_CDTX.md,2025-04-04,not identified in filings or news,Not identified,22.39,16.43,-26.6,False
cidara_therapeutics_inc_CDTX.md,2025-05-16,not identified in filings or news,Not identified,18.63,25.5,36.9,False
cidara_therapeutics_inc_CDTX.md,2025-06-27,not identified in filings or news,Not identified,21.02,49.45,135.3,False
cidara_therapeutics_inc_CDTX.md,2025-09-26,not identified in filings or news,Not identified,68.71,90.5,31.7,False
cidara_therapeutics_inc_CDTX.md,2025-11-14,not identified in filings or news,Not identified,104.39,217.71,108.6,False
cincor_pharma_inc_CINC.md,,Trigger event,Event source,,,,True
cincor_pharma_inc_CINC.md,2022-06-17,not identified in filings or news,Not identified,14.69,19.5,32.7,False
cincor_pharma_inc_CINC.md,2022-07-15,not identified in filings or news,Not identified,20.2,26.0,28.7,False
cincor_pharma_inc_CINC.md,2022-08-12,not identified in filings or news,Not identified,23.45,35.09,49.6,False
cincor_pharma_inc_CINC.md,2022-12-02,not identified in filings or news,Not identified,26.53,12.29,-53.7,False
cincor_pharma_inc_CINC.md,2023-01-13,not identified in filings or news,Not identified,11.78,28.95,145.8,False
clinical_data_inc_CLDA.md,,Trigger event,Event source,,,,True
clinical_data_inc_CLDA.md,2009-03-13,not identified in filings or news,Not identified,7.79,10.09,29.5,False
clinical_data_inc_CLDA.md,2009-07-24,not identified in filings or news,Not identified,9.4,13.19,40.3,False
clinical_data_inc_CLDA.md,2010-07-23,not identified in filings or news,Not identified,11.25,13.75,22.2,False
clinical_data_inc_CLDA.md,2011-01-28,not identified in filings or news,Not identified,15.03,27.36,82.0,False
coley_pharmaceutical_group_inc_COLY.md,,Trigger event,Event source,,,,True
coley_pharmaceutical_group_inc_COLY.md,2007-06-22,not identified in filings or news,Not identified,8.17,3.57,-56.3,False
coley_pharmaceutical_group_inc_COLY.md,2007-11-16,not identified in filings or news,Not identified,3.26,7.81,139.6,False
collagenex_pharmaceuticals_inc_CGPI.md,,Trigger event,Event source,,,,True
collagenex_pharmaceuticals_inc_CGPI.md,2007-05-04,not identified in filings or news,Not identified,14.0,11.16,-20.3,False
collagenex_pharmaceuticals_inc_CGPI.md,2007-09-28,not identified in filings or news,Not identified,11.24,8.98,-20.1,False
collagenex_pharmaceuticals_inc_CGPI.md,2008-02-29,not identified in filings or news,Not identified,12.63,16.32,29.2,False
colucid_pharmaceuticals_inc_CLCD.md,,Trigger event,Event source,,,,True
colucid_pharmaceuticals_inc_CLCD.md,2015-09-18,not identified in filings or news,Not identified,6.42,7.97,24.1,False
colucid_pharmaceuticals_inc_CLCD.md,2015-09-25,not identified in filings or news,Not identified,7.97,5.29,-33.6,False
colucid_pharmaceuticals_inc_CLCD.md,2015-10-02,not identified in filings or news,Not identified,5.29,4.18,-21.0,False
colucid_pharmaceuticals_inc_CLCD.md,2015-12-04,not identified in filings or news,Not identified,5.16,7.0,35.7,False
colucid_pharmaceuticals_inc_CLCD.md,2016-07-01,not identified in filings or news,Not identified,6.43,9.62,49.6,False
colucid_pharmaceuticals_inc_CLCD.md,2016-09-02,not identified in filings or news,Not identified,8.6,10.66,24.0,False
colucid_pharmaceuticals_inc_CLCD.md,2016-09-09,not identified in filings or news,Not identified,10.66,21.86,105.1,False
colucid_pharmaceuticals_inc_CLCD.md,2016-09-16,not identified in filings or news,Not identified,21.86,28.13,28.7,False
colucid_pharmaceuticals_inc_CLCD.md,2016-09-30,not identified in filings or news,Not identified,31.36,38.15,21.7,False
colucid_pharmaceuticals_inc_CLCD.md,2016-11-11,not identified in filings or news,Not identified,28.8,35.2,22.2,False
colucid_pharmaceuticals_inc_CLCD.md,2017-01-20,not identified in filings or news,Not identified,34.3,46.25,34.8,False
concert_pharmaceuticals_inc_CNCE.md,,Trigger event,Event source,,,,True
concert_pharmaceuticals_inc_CNCE.md,2021-02-05,not identified in filings or news,Not identified,10.47,6.86,-34.5,False
concert_pharmaceuticals_inc_CNCE.md,2021-03-26,not identified in filings or news,Not identified,6.16,4.89,-20.6,False
concert_pharmaceuticals_inc_CNCE.md,2021-11-05,not identified in filings or news,Not identified,2.74,3.67,33.9,False
concert_pharmaceuticals_inc_CNCE.md,2022-03-18,not identified in filings or news,Not identified,2.77,3.56,28.5,False
concert_pharmaceuticals_inc_CNCE.md,2022-05-13,not identified in filings or news,Not identified,3.2,3.95,23.4,False
concert_pharmaceuticals_inc_CNCE.md,2022-05-27,not identified in filings or news,Not identified,4.49,5.88,31.0,False
concert_pharmaceuticals_inc_CNCE.md,2022-06-03,not identified in filings or news,Not identified,5.88,4.53,-23.0,False
concert_pharmaceuticals_inc_CNCE.md,2022-07-08,not identified in filings or news,Not identified,4.27,5.17,21.1,False
concert_pharmaceuticals_inc_CNCE.md,2022-07-29,not identified in filings or news,Not identified,4.48,5.6,25.0,False
concert_pharmaceuticals_inc_CNCE.md,2023-01-06,not identified in filings or news,Not identified,5.84,7.49,28.3,False
constellation_pharmaceuticals_inc_CNST.md,,Trigger event,Event source,,,,True
constellation_pharmaceuticals_inc_CNST.md,2019-06-28,not identified in filings or news,Not identified,10.2,12.28,20.4,False
constellation_pharmaceuticals_inc_CNST.md,2019-10-04,not identified in filings or news,Not identified,6.43,8.29,28.9,False
constellation_pharmaceuticals_inc_CNST.md,2019-10-18,not identified in filings or news,Not identified,8.71,12.73,46.2,False
constellation_pharmaceuticals_inc_CNST.md,2019-11-08,not identified in filings or news,Not identified,14.13,30.91,118.8,False
constellation_pharmaceuticals_inc_CNST.md,2019-11-15,not identified in filings or news,Not identified,30.91,38.48,24.5,False
constellation_pharmaceuticals_inc_CNST.md,2020-03-27,not identified in filings or news,Not identified,25.9,32.69,26.2,False
constellation_pharmaceuticals_inc_CNST.md,2020-05-08,not identified in filings or news,Not identified,35.75,49.22,37.7,False
constellation_pharmaceuticals_inc_CNST.md,2020-12-11,not identified in filings or news,Not identified,22.64,29.49,30.3,False
constellation_pharmaceuticals_inc_CNST.md,2021-02-26,not identified in filings or news,Not identified,36.84,25.2,-31.6,False
constellation_pharmaceuticals_inc_CNST.md,2021-06-04,not identified in filings or news,Not identified,19.81,33.84,70.8,False
cotherix_inc_CTRX.md,,Trigger event,Event source,,,,True
cougar_biotechnology_inc_CGRB.md,,Trigger event,Event source,,,,True
cougar_biotechnology_inc_CGRB.md,2007-10-05,not identified in filings or news,Not identified,25.5,31.25,22.5,False
cougar_biotechnology_inc_CGRB.md,2008-11-14,not identified in filings or news,Not identified,21.84,17.46,-20.1,False
cougar_biotechnology_inc_CGRB.md,2008-11-28,not identified in filings or news,Not identified,18.77,24.2,28.9,False
cougar_biotechnology_inc_CGRB.md,2009-05-22,not identified in filings or news,Not identified,35.14,42.82,21.9,False
cti_biopharma_corp_CTIC.md,,Trigger event,Event source,,,,True
cti_biopharma_corp_CTIC.md,2021-12-03,not identified in filings or news,Not identified,2.48,1.61,-35.1,False
cti_biopharma_corp_CTIC.md,2022-03-04,not identified in filings or news,Not identified,2.37,3.94,66.2,False
cti_biopharma_corp_CTIC.md,2022-03-25,not identified in filings or news,Not identified,4.18,5.23,25.1,False
cti_biopharma_corp_CTIC.md,2022-08-12,not identified in filings or news,Not identified,7.43,5.79,-22.1,False
cti_biopharma_corp_CTIC.md,2023-04-21,not identified in filings or news,Not identified,4.26,5.3,24.4,False
cti_biopharma_corp_CTIC.md,2023-05-12,not identified in filings or news,Not identified,4.9,8.96,82.9,False
cubist_pharmaceuticals_cbst.md,,Trigger event,Event source,,,,True
cubist_pharmaceuticals_cbst.md,2014-12-12,Merger announcement: Merck to acquire Cubist for $102.00 per share,"Press release issued December 8, 2014 before NASDAQ opening; Merger Agreement executed December 8, 2014 (SC 14D9 Item 2(b), accession 0001193125-14-447759)",74.36,96.31,29.5,True
curevac_n_v_CVAC.md,,Trigger event,Event source,,,,True
curevac_n_v_CVAC.md,2023-12-22,not identified in filings or news,Not identified,6.12,4.06,-33.7,False
curevac_n_v_CVAC.md,2024-05-03,not identified in filings or news,Not identified,2.33,3.13,34.3,False
curevac_n_v_CVAC.md,2024-09-13,not identified in filings or news,Not identified,2.74,3.44,25.5,False
curevac_n_v_CVAC.md,2025-04-11,not identified in filings or news,Not identified,2.59,3.19,23.2,False
curevac_n_v_CVAC.md,2025-06-13,not identified in filings or news,Not identified,4.41,5.57,26.3,False
cymabay_therapeutics_inc_CBAY.md,,Trigger event,Event source,,,,True
cymabay_therapeutics_inc_CBAY.md,2022-06-24,not identified in filings or news,Not identified,1.97,2.82,43.1,False
cymabay_therapeutics_inc_CBAY.md,2022-07-08,not identified in filings or news,Not identified,2.77,3.44,24.2,False
cymabay_therapeutics_inc_CBAY.md,2022-08-05,not identified in filings or news,Not identified,3.13,4.25,35.8,False
cymabay_therapeutics_inc_CBAY.md,2022-12-02,not identified in filings or news,Not identified,3.3,4.11,24.5,False
cymabay_therapeutics_inc_CBAY.md,2023-06-30,not identified in filings or news,Not identified,7.95,10.95,37.7,False
cymabay_therapeutics_inc_CBAY.md,2024-02-16,not identified in filings or news,Not identified,25.69,32.18,25.3,False
cypress_bioscience_inc_CYPB.md,,Trigger event,Event source,,,,True
cypress_bioscience_inc_CYPB.md,2009-01-16,not identified in filings or news,Not identified,7.34,9.44,28.6,False
cypress_bioscience_inc_CYPB.md,2010-06-25,not identified in filings or news,Not identified,4.34,2.36,-45.6,False
cypress_bioscience_inc_CYPB.md,2010-07-23,not identified in filings or news,Not identified,2.5,3.5,40.0,False
cypress_bioscience_inc_CYPB.md,2010-12-10,not identified in filings or news,Not identified,4.07,4.93,21.1,False
day_one_biopharmaceuticals_inc_DAWN.md,,Trigger event,Event source,,,,True
day_one_biopharmaceuticals_inc_DAWN.md,2025-02-28,not identified in filings or news,Not identified,12.43,9.06,-27.1,False
day_one_biopharmaceuticals_inc_DAWN.md,2025-11-07,not identified in filings or news,Not identified,7.44,9.73,30.8,False
day_one_biopharmaceuticals_inc_DAWN.md,2026-03-06,not identified in filings or news,Not identified,10.6,21.2,100.0,False
decibel_therapeutics_inc_DBTX.md,,Trigger event,Event source,,,,True
decibel_therapeutics_inc_DBTX.md,2021-12-17,not identified in filings or news,Not identified,5.98,4.57,-23.6,False
decibel_therapeutics_inc_DBTX.md,2022-07-01,not identified in filings or news,Not identified,2.49,4.12,65.5,False
decibel_therapeutics_inc_DBTX.md,2022-07-08,not identified in filings or news,Not identified,4.12,4.98,20.9,False
decibel_therapeutics_inc_DBTX.md,2022-09-23,not identified in filings or news,Not identified,5.01,3.82,-23.8,False
decibel_therapeutics_inc_DBTX.md,2022-10-21,not identified in filings or news,Not identified,2.96,3.93,32.8,False
decibel_therapeutics_inc_DBTX.md,2023-01-06,not identified in filings or news,Not identified,2.05,2.54,23.9,False
decibel_therapeutics_inc_DBTX.md,2023-01-27,not identified in filings or news,Not identified,2.59,3.34,29.0,False
decibel_therapeutics_inc_DBTX.md,2023-02-10,not identified in filings or news,Not identified,3.25,4.32,32.8,False
decibel_therapeutics_inc_DBTX.md,2023-03-24,not identified in filings or news,Not identified,3.34,2.65,-20.7,False
decibel_therapeutics_inc_DBTX.md,2023-04-14,not identified in filings or news,Not identified,3.11,2.41,-22.5,False
decibel_therapeutics_inc_DBTX.md,2023-05-19,not identified in filings or news,Not identified,3.61,4.43,22.7,False
decibel_therapeutics_inc_DBTX.md,2023-08-11,not identified in filings or news,Not identified,3.03,5.11,68.6,False
deciphera_pharmaceuticals_inc_DCPH.md,,Trigger event,Event source,,,,True
deciphera_pharmaceuticals_inc_DCPH.md,2022-08-05,not identified in filings or news,Not identified,12.69,16.51,30.1,False
deciphera_pharmaceuticals_inc_DCPH.md,2023-01-06,not identified in filings or news,Not identified,16.39,21.61,31.8,False
deciphera_pharmaceuticals_inc_DCPH.md,2024-05-03,not identified in filings or news,Not identified,14.65,25.38,73.2,False
dermira_inc_DERM.md,,Trigger event,Event source,,,,True
dermira_inc_DERM.md,2018-03-09,not identified in filings or news,Not identified,25.16,9.43,-62.5,False
dermira_inc_DERM.md,2018-05-25,not identified in filings or news,Not identified,10.8,8.52,-21.1,False
dermira_inc_DERM.md,2018-12-21,not identified in filings or news,Not identified,9.89,7.55,-23.7,False
dermira_inc_DERM.md,2019-03-22,not identified in filings or news,Not identified,6.84,12.99,89.9,False
dermira_inc_DERM.md,2019-10-18,not identified in filings or news,Not identified,5.69,7.16,25.8,False
dermira_inc_DERM.md,2019-12-13,not identified in filings or news,Not identified,7.88,12.7,61.2,False
dermira_inc_DERM.md,2020-01-10,not identified in filings or news,Not identified,14.65,19.16,30.8,False
dicerna_pharmaceuticals_drna.md,,Trigger event,Event source,,,,True
dicerna_pharmaceuticals_drna.md,2021-08-06,Sharp mid-week decline (high $38.04 to close $27.25) coinciding with the period in which Novo approached Dicerna about the Novo Expansion; the exact event is not identified in SEC filings or the news pull. The SC 14D9 states Novo approached Dicerna in August 2021 but the decline's timing may reflect unrelated biotech sector or company-specific news not identifiable from sources available,not identified in filings or news,37.51,27.25,-27.4,False
dicerna_pharmaceuticals_drna.md,2021-08-13,Continued selloff the week after the August 2021 sharp decline; trigger not identified in filings or news,not identified in filings or news,27.25,20.58,-24.5,False
dicerna_pharmaceuticals_drna.md,2021-11-19,"Announcement of Merger Agreement with Novo Nordisk at $38.25 per share on November 18, 2021","8-K (0001193125-21-333251), SC 14D9 (0001193125-21-340461)",22.16,37.92,71.1,True
digene_corp_DIGE.md,,Trigger event,Event source,,,,True
digene_corp_DIGE.md,2007-06-08,not identified in filings or news,Not identified,44.77,56.25,25.6,False
dimension_therapeutics_inc_DMTX.md,,Trigger event,Event source,,,,True
dimension_therapeutics_inc_DMTX.md,2016-04-15,not identified in filings or news,Not identified,6.56,8.2,25.0,False
dimension_therapeutics_inc_DMTX.md,2016-05-06,not identified in filings or news,Not identified,7.11,5.47,-23.1,False
dimension_therapeutics_inc_DMTX.md,2016-06-17,not identified in filings or news,Not identified,10.15,7.68,-24.3,False
dimension_therapeutics_inc_DMTX.md,2016-09-09,not identified in filings or news,Not identified,5.89,8.55,45.2,False
dimension_therapeutics_inc_DMTX.md,2016-10-28,not identified in filings or news,Not identified,7.2,5.23,-27.4,False
dimension_therapeutics_inc_DMTX.md,2016-11-11,not identified in filings or news,Not identified,4.55,5.75,26.4,False
dimension_therapeutics_inc_DMTX.md,2017-02-03,not identified in filings or news,Not identified,4.4,1.9,-56.8,False
dimension_therapeutics_inc_DMTX.md,2017-08-25,not identified in filings or news,Not identified,1.3,3.15,142.3,False
dimension_therapeutics_inc_DMTX.md,2017-09-22,not identified in filings or news,Not identified,4.2,5.9,40.5,False
dova_pharmaceuticals_inc_DOVA.md,,Trigger event,Event source,,,,True
dova_pharmaceuticals_inc_DOVA.md,2018-06-08,not identified in filings or news,Not identified,23.49,28.81,22.6,False
dova_pharmaceuticals_inc_DOVA.md,2018-07-13,not identified in filings or news,Not identified,29.21,23.3,-20.2,False
dova_pharmaceuticals_inc_DOVA.md,2018-12-21,not identified in filings or news,Not identified,14.81,6.8,-54.1,False
dova_pharmaceuticals_inc_DOVA.md,2019-06-28,not identified in filings or news,Not identified,8.93,14.1,57.9,False
dova_pharmaceuticals_inc_DOVA.md,2019-09-27,not identified in filings or news,Not identified,15.1,20.19,33.7,False
dova_pharmaceuticals_inc_DOVA.md,2019-10-04,not identified in filings or news,Not identified,20.19,28.2,39.7,False
durata_therapeutics_inc_DRTX.md,,Trigger event,Event source,,,,True
durata_therapeutics_inc_DRTX.md,2013-11-29,not identified in filings or news,Not identified,10.2,12.32,20.8,False
durata_therapeutics_inc_DRTX.md,2014-10-10,not identified in filings or news,Not identified,13.88,23.56,69.7,False
durect_corp_DRRX.md,,Trigger event,Event source,,,,True
durect_corp_DRRX.md,2023-11-03,not identified in filings or news,Not identified,2.24,2.73,21.9,False
durect_corp_DRRX.md,2023-11-10,not identified in filings or news,Not identified,2.73,0.53,-80.6,False
durect_corp_DRRX.md,2024-02-16,not identified in filings or news,Not identified,0.77,1.04,35.1,False
durect_corp_DRRX.md,2024-03-15,not identified in filings or news,Not identified,1.01,1.29,27.7,False
durect_corp_DRRX.md,2024-04-05,not identified in filings or news,Not identified,1.21,0.93,-23.0,False
durect_corp_DRRX.md,2024-05-03,not identified in filings or news,Not identified,0.93,1.16,24.6,False
durect_corp_DRRX.md,2024-05-24,not identified in filings or news,Not identified,0.93,1.3,39.8,False
durect_corp_DRRX.md,2024-05-31,not identified in filings or news,Not identified,1.3,1.71,31.5,False
durect_corp_DRRX.md,2024-08-16,not identified in filings or news,Not identified,1.43,1.12,-21.7,False
durect_corp_DRRX.md,2024-08-23,not identified in filings or news,Not identified,1.12,1.43,27.7,False
durect_corp_DRRX.md,2024-11-15,not identified in filings or news,Not identified,1.33,1.01,-24.1,False
durect_corp_DRRX.md,2024-12-20,not identified in filings or news,Not identified,0.75,0.95,26.7,False
durect_corp_DRRX.md,2025-05-09,not identified in filings or news,Not identified,0.6,0.73,22.1,False
durect_corp_DRRX.md,2025-08-01,not identified in filings or news,Not identified,0.57,1.83,223.4,False
dusa_pharmaceuticals_inc_DUSA.md,,Trigger event,Event source,,,,True
dusa_pharmaceuticals_inc_DUSA.md,2011-03-04,not identified in filings or news,Not identified,3.02,3.95,30.8,False
dusa_pharmaceuticals_inc_DUSA.md,2012-03-09,not identified in filings or news,Not identified,4.7,6.06,28.9,False
dusa_pharmaceuticals_inc_DUSA.md,2012-11-09,not identified in filings or news,Not identified,6.15,7.96,29.4,False
dynavax_technologies_corp_DVAX.md,,Trigger event,Event source,,,,True
dynavax_technologies_corp_DVAX.md,2025-12-26,not identified in filings or news,Not identified,10.86,15.38,41.6,False
elan_corp_plc_ELN.md,,Trigger event,Event source,,,,True
elevation_oncology_inc_ELEV.md,,Trigger event,Event source,,,,True
elevation_oncology_inc_ELEV.md,2023-08-04,not identified in filings or news,Not identified,1.27,0.98,-22.8,False
elevation_oncology_inc_ELEV.md,2023-11-17,not identified in filings or news,Not identified,0.38,0.5,31.6,False
elevation_oncology_inc_ELEV.md,2024-01-05,not identified in filings or news,Not identified,0.54,0.87,62.9,False
elevation_oncology_inc_ELEV.md,2024-01-12,not identified in filings or news,Not identified,0.87,2.74,213.3,False
elevation_oncology_inc_ELEV.md,2024-03-01,not identified in filings or news,Not identified,2.56,5.01,95.7,False
elevation_oncology_inc_ELEV.md,2024-06-21,not identified in filings or news,Not identified,3.23,2.56,-20.7,False
elevation_oncology_inc_ELEV.md,2024-08-09,not identified in filings or news,Not identified,2.37,0.78,-67.2,False
elevation_oncology_inc_ELEV.md,2024-11-08,not identified in filings or news,Not identified,0.54,0.65,21.2,False
elevation_oncology_inc_ELEV.md,2025-03-21,not identified in filings or news,Not identified,0.53,0.3,-43.7,False
elevation_oncology_inc_ELEV.md,2025-04-18,not identified in filings or news,Not identified,0.28,0.39,37.9,False
encysive_pharmaceuticals_inc_ENCY.md,,Trigger event,Event source,,,,True
encysive_pharmaceuticals_inc_ENCY.md,2006-03-31,not identified in filings or news,Not identified,9.08,4.89,-46.1,False
encysive_pharmaceuticals_inc_ENCY.md,2006-05-26,not identified in filings or news,Not identified,3.37,4.52,34.1,False
encysive_pharmaceuticals_inc_ENCY.md,2006-06-02,not identified in filings or news,Not identified,4.52,5.82,28.8,False
encysive_pharmaceuticals_inc_ENCY.md,2006-06-16,not identified in filings or news,Not identified,5.43,6.75,24.3,False
encysive_pharmaceuticals_inc_ENCY.md,2006-07-28,not identified in filings or news,Not identified,6.31,3.9,-38.2,False
encysive_pharmaceuticals_inc_ENCY.md,2006-10-13,not identified in filings or news,Not identified,4.37,5.27,20.6,False
encysive_pharmaceuticals_inc_ENCY.md,2006-12-29,not identified in filings or news,Not identified,5.84,4.21,-27.9,False
encysive_pharmaceuticals_inc_ENCY.md,2007-04-06,not identified in filings or news,Not identified,2.71,3.76,38.7,False
encysive_pharmaceuticals_inc_ENCY.md,2007-06-22,not identified in filings or news,Not identified,4.1,1.89,-53.9,False
encysive_pharmaceuticals_inc_ENCY.md,2007-07-20,not identified in filings or news,Not identified,1.68,2.05,22.0,False
encysive_pharmaceuticals_inc_ENCY.md,2007-11-09,not identified in filings or news,Not identified,1.25,0.77,-38.4,False
encysive_pharmaceuticals_inc_ENCY.md,2007-11-16,not identified in filings or news,Not identified,0.77,0.6,-22.1,False
encysive_pharmaceuticals_inc_ENCY.md,2007-11-23,not identified in filings or news,Not identified,0.6,0.94,56.7,False
encysive_pharmaceuticals_inc_ENCY.md,2007-11-30,not identified in filings or news,Not identified,0.94,0.67,-28.7,False
encysive_pharmaceuticals_inc_ENCY.md,2007-12-07,not identified in filings or news,Not identified,0.67,0.82,22.4,False
encysive_pharmaceuticals_inc_ENCY.md,2008-02-22,not identified in filings or news,Not identified,0.85,2.26,165.7,False
endo_pharmaceuticals_solutions_inc_ENDP.md,,Trigger event,Event source,,,,True
endo_pharmaceuticals_solutions_inc_ENDP.md,2008-06-06,not identified in filings or news,Not identified,4.49,1.38,-69.3,False
endo_pharmaceuticals_solutions_inc_ENDP.md,2008-09-26,not identified in filings or news,Not identified,1.95,3.51,80.0,False
endo_pharmaceuticals_solutions_inc_ENDP.md,2008-10-10,not identified in filings or news,Not identified,2.84,2.01,-29.2,False
endo_pharmaceuticals_solutions_inc_ENDP.md,2008-10-31,not identified in filings or news,Not identified,2.22,2.67,20.3,False
endo_pharmaceuticals_solutions_inc_ENDP.md,2008-11-28,not identified in filings or news,Not identified,1.86,2.5,34.4,False
endo_pharmaceuticals_solutions_inc_ENDP.md,2009-01-09,not identified in filings or news,Not identified,3.15,5.31,68.6,False
entasis_therapeutics_holdings_inc_ETTX.md,,Trigger event,Event source,,,,True
entasis_therapeutics_holdings_inc_ETTX.md,2020-07-17,not identified in filings or news,Not identified,2.94,3.91,33.0,False
entasis_therapeutics_holdings_inc_ETTX.md,2020-07-24,not identified in filings or news,Not identified,3.91,3.01,-23.0,False
entasis_therapeutics_holdings_inc_ETTX.md,2021-01-22,not identified in filings or news,Not identified,2.64,3.47,31.4,False
entasis_therapeutics_holdings_inc_ETTX.md,2021-02-26,not identified in filings or news,Not identified,3.37,2.66,-21.1,False
entasis_therapeutics_holdings_inc_ETTX.md,2021-03-26,not identified in filings or news,Not identified,2.82,2.05,-27.3,False
entasis_therapeutics_holdings_inc_ETTX.md,2021-05-21,not identified in filings or news,Not identified,1.96,2.38,21.4,False
entasis_therapeutics_holdings_inc_ETTX.md,2021-09-24,not identified in filings or news,Not identified,3.11,3.77,21.2,False
entasis_therapeutics_holdings_inc_ETTX.md,2022-02-04,not identified in filings or news,Not identified,1.55,1.88,21.3,False
entasis_therapeutics_holdings_inc_ETTX.md,2022-05-27,not identified in filings or news,Not identified,1.8,2.19,21.4,False
epizyme_inc_EPZM.md,,Trigger event,Event source,,,,True
epizyme_inc_EPZM.md,2022-01-28,not identified in filings or news,Not identified,2.07,1.06,-48.8,False
epizyme_inc_EPZM.md,2022-02-04,not identified in filings or news,Not identified,1.06,1.49,40.6,False
epizyme_inc_EPZM.md,2022-04-08,not identified in filings or news,Not identified,1.14,0.87,-23.7,False
epizyme_inc_EPZM.md,2022-05-13,not identified in filings or news,Not identified,0.66,0.52,-21.4,False
epizyme_inc_EPZM.md,2022-06-24,not identified in filings or news,Not identified,0.69,0.95,38.6,False
epizyme_inc_EPZM.md,2022-07-01,not identified in filings or news,Not identified,0.95,1.48,55.1,False
eurand_n_v_EURX.md,,Trigger event,Event source,,,,True
eurand_n_v_EURX.md,2010-03-12,not identified in filings or news,Not identified,9.1,11.05,21.4,False
evoke_pharma_inc_EVOK.md,,Trigger event,Event source,,,,True
evoke_pharma_inc_EVOK.md,2024-01-12,not identified in filings or news,Not identified,1.0,0.75,-25.0,False
evoke_pharma_inc_EVOK.md,2024-06-21,not identified in filings or news,Not identified,0.47,0.61,29.3,False
evoke_pharma_inc_EVOK.md,2024-08-02,not identified in filings or news,Not identified,0.5,5.31,959.7,False
evoke_pharma_inc_EVOK.md,2024-08-23,not identified in filings or news,Not identified,5.75,4.41,-23.3,False
evoke_pharma_inc_EVOK.md,2025-03-21,not identified in filings or news,Not identified,3.82,2.82,-26.2,False
evoke_pharma_inc_EVOK.md,2025-04-25,not identified in filings or news,Not identified,2.15,2.58,20.0,False
evoke_pharma_inc_EVOK.md,2025-07-11,not identified in filings or news,Not identified,2.72,6.01,121.0,False
evoke_pharma_inc_EVOK.md,2025-07-18,not identified in filings or news,Not identified,6.01,4.56,-24.1,False
evoke_pharma_inc_EVOK.md,2025-11-07,not identified in filings or news,Not identified,5.15,10.69,107.6,False
five_prime_therapeutics_inc_fprx.md,,Trigger event,Event source,,,,True
five_prime_therapeutics_inc_fprx.md,2019-06-07,Pre-FIGHT data: stock decline from $12.72 (2019-03-22) to $6.10; investors discounting pipeline execution risks and lack of near-term inflection points,market price action; no specific disclosed event,12.72,6.1,-52.1,True
five_prime_therapeutics_inc_fprx.md,2020-11-13,"Announcement of positive FIGHT trial topline results on November 10, 2020: Bemarituzumab plus chemotherapy demonstrated statistically significant progression-free survival, overall survival, and response rate benefit vs. placebo plus chemotherapy in front-line FGFR2b+/HER2- gastric and GEJ cancer; Five Prime raises $174M in public offering",SC 14D9 narrative and November 10 press release,28.3,34.05,20.3,True
five_prime_therapeutics_inc_fprx.md,2021-01-08,Strategic interest from multiple parties materializes: Competition among collaboration and acquisition parties (Parties A–G and Amgen) for Bema-focused partnerships; Amgen initial interest signals validation of asset; market prices in acquisition premium potential ahead of formal announcement,"SC 14D9 Section ""Item 3. Past Contacts..."" and ""Item 4. The Solicitation or Recommendation""",40.75,44.95,10.3,True
five_prime_therapeutics_inc_fprx.md,2021-03-05,"Announcement of Amgen agreement and pending tender offer at $38 per share on March 4, 2021 (announced pre-market March 4); tender offer commences March 18","Joint press release by Five Prime and Amgen on March 4, 2021; SC 14D9 Item 2; 8-K filed March 4",35.27,38.05,7.9,True
flexion_therapeutics_inc_FLXN.md,,Trigger event,Event source,,,,True
flexion_therapeutics_inc_FLXN.md,2020-03-13,not identified in filings or news,Not identified,14.48,9.74,-32.7,False
flexion_therapeutics_inc_FLXN.md,2020-03-20,not identified in filings or news,Not identified,9.74,6.0,-38.4,False
flexion_therapeutics_inc_FLXN.md,2020-03-27,not identified in filings or news,Not identified,6.0,8.21,36.8,False
flexion_therapeutics_inc_FLXN.md,2020-04-10,not identified in filings or news,Not identified,6.65,8.84,32.9,False
flexion_therapeutics_inc_FLXN.md,2021-08-27,not identified in filings or news,Not identified,4.68,6.0,28.2,False
flexion_therapeutics_inc_FLXN.md,2021-10-15,not identified in filings or news,Not identified,5.78,9.44,63.3,False
forma_therapeutics_holdings_inc_FMTX.md,,Trigger event,Event source,,,,True
forma_therapeutics_holdings_inc_FMTX.md,2020-12-18,not identified in filings or news,Not identified,46.18,36.55,-20.9,False
forma_therapeutics_holdings_inc_FMTX.md,2021-10-08,not identified in filings or news,Not identified,24.08,18.73,-22.2,False
forma_therapeutics_holdings_inc_FMTX.md,2022-06-24,not identified in filings or news,Not identified,5.69,7.03,23.6,False
forma_therapeutics_holdings_inc_FMTX.md,2022-07-08,not identified in filings or news,Not identified,7.12,8.68,21.9,False
forma_therapeutics_holdings_inc_FMTX.md,2022-08-05,not identified in filings or news,Not identified,8.28,10.18,22.9,False
forma_therapeutics_holdings_inc_FMTX.md,2022-09-02,not identified in filings or news,Not identified,12.49,19.98,60.0,False
forty_seven_inc_FTSV.md,,Trigger event,Event source,,,,True
forty_seven_inc_FTSV.md,2018-11-30,not identified in filings or news,Not identified,15.33,18.58,21.2,False
forty_seven_inc_FTSV.md,2018-12-14,not identified in filings or news,Not identified,18.41,22.93,24.6,False
forty_seven_inc_FTSV.md,2018-12-21,not identified in filings or news,Not identified,22.93,16.95,-26.1,False
forty_seven_inc_FTSV.md,2019-05-17,not identified in filings or news,Not identified,18.7,12.04,-35.6,False
forty_seven_inc_FTSV.md,2019-11-01,not identified in filings or news,Not identified,5.86,7.55,28.8,False
forty_seven_inc_FTSV.md,2019-11-15,not identified in filings or news,Not identified,8.75,10.69,22.2,False
forty_seven_inc_FTSV.md,2019-12-13,not identified in filings or news,Not identified,14.44,35.75,147.6,False
forty_seven_inc_FTSV.md,2020-01-17,not identified in filings or news,Not identified,35.28,45.74,29.6,False
forty_seven_inc_FTSV.md,2020-03-06,not identified in filings or news,Not identified,58.0,94.35,62.7,False
g1_therapeutics_inc_GTHX.md,,Trigger event,Event source,,,,True
g1_therapeutics_inc_GTHX.md,2022-11-04,not identified in filings or news,Not identified,11.01,8.32,-24.4,False
g1_therapeutics_inc_GTHX.md,2022-11-18,not identified in filings or news,Not identified,8.5,6.47,-23.9,False
g1_therapeutics_inc_GTHX.md,2023-01-13,not identified in filings or news,Not identified,5.19,6.32,21.8,False
g1_therapeutics_inc_GTHX.md,2023-02-17,not identified in filings or news,Not identified,7.13,4.02,-43.6,False
g1_therapeutics_inc_GTHX.md,2023-09-22,not identified in filings or news,Not identified,1.54,1.23,-20.1,False
g1_therapeutics_inc_GTHX.md,2023-10-20,not identified in filings or news,Not identified,1.14,1.47,28.9,False
g1_therapeutics_inc_GTHX.md,2023-12-08,not identified in filings or news,Not identified,2.0,3.14,57.0,False
g1_therapeutics_inc_GTHX.md,2024-02-16,not identified in filings or news,Not identified,4.53,2.38,-47.5,False
g1_therapeutics_inc_GTHX.md,2024-03-01,not identified in filings or news,Not identified,2.22,3.73,68.0,False
g1_therapeutics_inc_GTHX.md,2024-03-22,not identified in filings or news,Not identified,3.11,4.0,28.6,False
g1_therapeutics_inc_GTHX.md,2024-07-12,not identified in filings or news,Not identified,2.51,3.19,27.1,False
g1_therapeutics_inc_GTHX.md,2024-08-09,not identified in filings or news,Not identified,3.98,7.09,78.1,False
genelabs_technologies_inc_ca_GNLB.md,,Trigger event,Event source,,,,True
genelabs_technologies_inc_ca_GNLB.md,2008-03-14,not identified in filings or news,Not identified,1.03,0.8,-22.3,False
genelabs_technologies_inc_ca_GNLB.md,2008-08-01,not identified in filings or news,Not identified,0.58,0.46,-20.7,False
genelabs_technologies_inc_ca_GNLB.md,2008-08-15,not identified in filings or news,Not identified,0.55,0.44,-20.0,False
genelabs_technologies_inc_ca_GNLB.md,2008-09-05,not identified in filings or news,Not identified,0.46,0.58,26.1,False
genelabs_technologies_inc_ca_GNLB.md,2008-09-12,not identified in filings or news,Not identified,0.58,0.46,-20.7,False
genelabs_technologies_inc_ca_GNLB.md,2008-10-24,not identified in filings or news,Not identified,0.4,0.29,-27.5,False
genelabs_technologies_inc_ca_GNLB.md,2008-10-31,not identified in filings or news,Not identified,0.29,1.23,324.1,False
genentech_inc_DNA.md,,Trigger event,Event source,,,,True
generation_bio_co_GBIO.md,,Trigger event,Event source,,,,True
generation_bio_co_GBIO.md,2024-03-01,not identified in filings or news,Not identified,2.11,2.62,24.2,False
generation_bio_co_GBIO.md,2024-03-08,not identified in filings or news,Not identified,2.62,3.51,34.0,False
generation_bio_co_GBIO.md,2024-03-29,not identified in filings or news,Not identified,3.33,4.07,22.2,False
generation_bio_co_GBIO.md,2024-04-19,not identified in filings or news,Not identified,3.7,2.8,-24.3,False
generation_bio_co_GBIO.md,2024-05-17,not identified in filings or news,Not identified,2.99,3.66,22.4,False
generation_bio_co_GBIO.md,2024-07-05,not identified in filings or news,Not identified,2.82,2.16,-23.4,False
generation_bio_co_GBIO.md,2024-07-12,not identified in filings or news,Not identified,2.16,2.73,26.4,False
generation_bio_co_GBIO.md,2024-07-26,not identified in filings or news,Not identified,2.88,3.51,21.9,False
generation_bio_co_GBIO.md,2024-08-09,not identified in filings or news,Not identified,2.97,2.35,-20.9,False
generation_bio_co_GBIO.md,2024-11-15,not identified in filings or news,Not identified,2.26,1.54,-31.9,False
generation_bio_co_GBIO.md,2025-06-27,not identified in filings or news,Not identified,0.38,0.3,-21.1,False
generation_bio_co_GBIO.md,2025-07-25,not identified in filings or news,Not identified,0.41,4.61,1035.5,False
generation_bio_co_GBIO.md,2025-08-15,not identified in filings or news,Not identified,4.1,6.29,53.4,False
genzyme_corp_genz.md,,Trigger event,Event source,,,,True
genzyme_corp_genz.md,2008-10-31,not identified in filings or news,Not identified,14.63,18.6,27.1,False
genzyme_corp_genz.md,2020-04-10,not identified in filings or news,Not identified,23.74,29.01,22.2,False
greenlight_biosciences_holdings_pbc_GRNA.md,,Trigger event,Event source,,,,True
greenlight_biosciences_holdings_pbc_GRNA.md,2022-02-18,not identified in filings or news,Not identified,9.08,6.57,-27.6,False
greenlight_biosciences_holdings_pbc_GRNA.md,2022-03-04,not identified in filings or news,Not identified,6.66,4.92,-26.1,False
greenlight_biosciences_holdings_pbc_GRNA.md,2022-03-11,not identified in filings or news,Not identified,4.92,9.98,102.8,False
greenlight_biosciences_holdings_pbc_GRNA.md,2022-03-18,not identified in filings or news,Not identified,9.98,12.37,23.9,False
greenlight_biosciences_holdings_pbc_GRNA.md,2022-03-25,not identified in filings or news,Not identified,12.37,9.15,-26.0,False
greenlight_biosciences_holdings_pbc_GRNA.md,2022-06-10,not identified in filings or news,Not identified,8.08,4.55,-43.7,False
greenlight_biosciences_holdings_pbc_GRNA.md,2022-06-24,not identified in filings or news,Not identified,4.24,2.72,-35.8,False
greenlight_biosciences_holdings_pbc_GRNA.md,2022-08-05,not identified in filings or news,Not identified,2.12,3.63,71.2,False
greenlight_biosciences_holdings_pbc_GRNA.md,2022-09-02,not identified in filings or news,Not identified,3.3,2.36,-28.5,False
greenlight_biosciences_holdings_pbc_GRNA.md,2022-09-30,not identified in filings or news,Not identified,1.92,2.32,20.8,False
greenlight_biosciences_holdings_pbc_GRNA.md,2022-11-18,not identified in filings or news,Not identified,1.91,1.32,-30.9,False
greenlight_biosciences_holdings_pbc_GRNA.md,2023-02-10,not identified in filings or news,Not identified,1.11,0.84,-24.3,False
greenlight_biosciences_holdings_pbc_GRNA.md,2023-02-24,not identified in filings or news,Not identified,0.76,0.57,-24.9,False
greenlight_biosciences_holdings_pbc_GRNA.md,2023-03-10,not identified in filings or news,Not identified,0.52,0.37,-29.1,False
greenlight_biosciences_holdings_pbc_GRNA.md,2023-04-21,not identified in filings or news,Not identified,0.46,0.36,-22.7,False
greenlight_biosciences_holdings_pbc_GRNA.md,2023-05-05,not identified in filings or news,Not identified,0.32,0.24,-25.8,False
greenlight_biosciences_holdings_pbc_GRNA.md,2023-06-02,not identified in filings or news,Not identified,0.2,0.29,47.4,False
hillevax_inc_HLVX.md,,Trigger event,Event source,,,,True
hillevax_inc_HLVX.md,2024-03-01,not identified in filings or news,Not identified,15.82,19.0,20.1,False
hillevax_inc_HLVX.md,2024-07-12,not identified in filings or news,Not identified,14.06,1.75,-87.6,False
hyperion_therapeutics_inc_HPTX.md,,Trigger event,Event source,,,,True
hyperion_therapeutics_inc_HPTX.md,2013-11-15,not identified in filings or news,Not identified,20.23,25.12,24.2,False
icagen_inc_ICGN.md,,Trigger event,Event source,,,,True
icagen_inc_ICGN.md,2009-07-31,not identified in filings or news,Not identified,3.2,5.04,57.5,False
icagen_inc_ICGN.md,2009-08-14,not identified in filings or news,Not identified,4.8,5.92,23.3,False
icagen_inc_ICGN.md,2009-08-28,not identified in filings or news,Not identified,5.68,7.2,26.8,False
icagen_inc_ICGN.md,2009-09-04,not identified in filings or news,Not identified,7.2,9.52,32.2,False
icagen_inc_ICGN.md,2009-10-30,not identified in filings or news,Not identified,6.64,3.6,-45.8,False
icagen_inc_ICGN.md,2010-01-08,not identified in filings or news,Not identified,3.6,5.28,46.7,False
icagen_inc_ICGN.md,2010-01-15,not identified in filings or news,Not identified,5.28,7.2,36.4,False
icagen_inc_ICGN.md,2010-03-19,not identified in filings or news,Not identified,4.48,6.24,39.3,False
icagen_inc_ICGN.md,2010-05-07,not identified in filings or news,Not identified,5.44,4.16,-23.5,False
icagen_inc_ICGN.md,2010-06-18,not identified in filings or news,Not identified,4.32,3.36,-22.2,False
icagen_inc_ICGN.md,2010-07-23,not identified in filings or news,Not identified,2.48,3.04,22.6,False
icagen_inc_ICGN.md,2010-09-17,not identified in filings or news,Not identified,2.0,1.12,-44.0,False
icagen_inc_ICGN.md,2010-12-03,not identified in filings or news,Not identified,1.1,1.77,60.9,False
icagen_inc_ICGN.md,2010-12-24,not identified in filings or news,Not identified,1.45,1.76,21.4,False
icagen_inc_ICGN.md,2011-01-21,not identified in filings or news,Not identified,2.0,2.49,24.5,False
icagen_inc_ICGN.md,2011-02-04,not identified in filings or news,Not identified,2.94,3.72,26.5,False
icagen_inc_ICGN.md,2011-07-01,not identified in filings or news,Not identified,2.4,5.96,148.3,False
icagen_inc_ICGN.md,2011-07-15,not identified in filings or news,Not identified,5.86,7.43,26.8,False
icosavax_inc_ICVX.md,,Trigger event,Event source,,,,True
icosavax_inc_ICVX.md,2022-01-07,not identified in filings or news,Not identified,22.88,18.09,-20.9,False
icosavax_inc_ICVX.md,2022-03-25,not identified in filings or news,Not identified,14.65,4.41,-69.9,False
icosavax_inc_ICVX.md,2022-04-01,not identified in filings or news,Not identified,4.41,6.78,53.7,False
icosavax_inc_ICVX.md,2022-04-08,not identified in filings or news,Not identified,6.78,9.1,34.2,False
icosavax_inc_ICVX.md,2022-05-27,not identified in filings or news,Not identified,7.89,10.23,29.7,False
icosavax_inc_ICVX.md,2022-06-03,not identified in filings or news,Not identified,10.23,6.2,-39.4,False
icosavax_inc_ICVX.md,2022-06-17,not identified in filings or news,Not identified,6.25,8.19,31.0,False
icosavax_inc_ICVX.md,2022-07-01,not identified in filings or news,Not identified,8.83,6.44,-27.1,False
icosavax_inc_ICVX.md,2022-07-08,not identified in filings or news,Not identified,6.44,7.93,23.1,False
icosavax_inc_ICVX.md,2022-08-05,not identified in filings or news,Not identified,7.0,8.59,22.7,False
icosavax_inc_ICVX.md,2022-08-19,not identified in filings or news,Not identified,8.98,6.33,-29.5,False
icosavax_inc_ICVX.md,2022-12-16,not identified in filings or news,Not identified,3.8,9.98,162.6,False
icosavax_inc_ICVX.md,2022-12-30,not identified in filings or news,Not identified,10.97,7.94,-27.6,False
icosavax_inc_ICVX.md,2023-01-13,not identified in filings or news,Not identified,8.55,10.46,22.3,False
icosavax_inc_ICVX.md,2023-05-05,not identified in filings or news,Not identified,5.51,6.7,21.6,False
icosavax_inc_ICVX.md,2023-05-26,not identified in filings or news,Not identified,8.16,9.9,21.3,False
icosavax_inc_ICVX.md,2023-11-17,not identified in filings or news,Not identified,6.85,11.24,64.1,False
icosavax_inc_ICVX.md,2023-12-15,not identified in filings or news,Not identified,10.51,15.68,49.2,False
idenix_pharmaceuticals_inc_IDIX.md,,Trigger event,Event source,,,,True
idenix_pharmaceuticals_inc_IDIX.md,2012-08-03,not identified in filings or news,Not identified,10.78,8.15,-24.4,False
idenix_pharmaceuticals_inc_IDIX.md,2012-08-17,not identified in filings or news,Not identified,7.99,5.9,-26.2,False
idenix_pharmaceuticals_inc_IDIX.md,2013-03-29,not identified in filings or news,Not identified,4.6,3.54,-23.0,False
idenix_pharmaceuticals_inc_IDIX.md,2013-06-21,not identified in filings or news,Not identified,5.18,3.56,-31.4,False
idenix_pharmaceuticals_inc_IDIX.md,2013-10-11,not identified in filings or news,Not identified,4.89,3.72,-23.9,False
idenix_pharmaceuticals_inc_IDIX.md,2013-11-01,not identified in filings or news,Not identified,3.67,4.62,25.7,False
idenix_pharmaceuticals_inc_IDIX.md,2013-12-20,not identified in filings or news,Not identified,4.41,5.39,22.2,False
idenix_pharmaceuticals_inc_IDIX.md,2013-12-27,not identified in filings or news,Not identified,5.39,6.55,21.5,False
idenix_pharmaceuticals_inc_IDIX.md,2014-01-17,not identified in filings or news,Not identified,6.54,8.01,22.5,False
idenix_pharmaceuticals_inc_IDIX.md,2014-06-13,not identified in filings or news,Not identified,7.23,23.64,227.0,False
idm_pharma_inc_IDMI.md,,Trigger event,Event source,,,,True
idm_pharma_inc_IDMI.md,2007-06-15,not identified in filings or news,Not identified,4.25,3.38,-20.5,False
idm_pharma_inc_IDMI.md,2007-12-07,not identified in filings or news,Not identified,1.08,1.48,37.0,False
idm_pharma_inc_IDMI.md,2007-12-14,not identified in filings or news,Not identified,1.48,1.05,-29.1,False
idm_pharma_inc_IDMI.md,2008-02-08,not identified in filings or news,Not identified,0.79,1.68,112.7,False
idm_pharma_inc_IDMI.md,2008-02-15,not identified in filings or news,Not identified,1.68,3.05,81.5,False
idm_pharma_inc_IDMI.md,2008-02-22,not identified in filings or news,Not identified,3.05,2.4,-21.3,False
idm_pharma_inc_IDMI.md,2008-08-01,not identified in filings or news,Not identified,2.03,2.51,23.6,False
idm_pharma_inc_IDMI.md,2008-08-15,not identified in filings or news,Not identified,2.51,3.23,28.7,False
idm_pharma_inc_IDMI.md,2009-03-20,not identified in filings or news,Not identified,1.55,2.21,42.6,False
idm_pharma_inc_IDMI.md,2009-05-22,not identified in filings or news,Not identified,1.7,2.61,53.5,False
igm_biosciences_inc_IGMS.md,,Trigger event,Event source,,,,True
igm_biosciences_inc_IGMS.md,2023-10-06,not identified in filings or news,Not identified,8.35,5.98,-28.4,False
igm_biosciences_inc_IGMS.md,2023-10-13,not identified in filings or news,Not identified,5.98,4.41,-26.3,False
igm_biosciences_inc_IGMS.md,2023-11-17,not identified in filings or news,Not identified,4.51,6.01,33.3,False
igm_biosciences_inc_IGMS.md,2023-12-22,not identified in filings or news,Not identified,6.6,8.36,26.7,False
igm_biosciences_inc_IGMS.md,2024-01-05,not identified in filings or news,Not identified,8.31,10.11,21.7,False
igm_biosciences_inc_IGMS.md,2024-02-09,not identified in filings or news,Not identified,11.49,14.5,26.2,False
igm_biosciences_inc_IGMS.md,2024-02-23,not identified in filings or news,Not identified,17.36,12.94,-25.5,False
igm_biosciences_inc_IGMS.md,2024-04-19,not identified in filings or news,Not identified,9.16,7.2,-21.4,False
igm_biosciences_inc_IGMS.md,2024-04-26,not identified in filings or news,Not identified,7.2,9.4,30.6,False
igm_biosciences_inc_IGMS.md,2024-07-12,not identified in filings or news,Not identified,6.28,9.64,53.5,False
igm_biosciences_inc_IGMS.md,2024-08-02,not identified in filings or news,Not identified,11.18,8.75,-21.7,False
igm_biosciences_inc_IGMS.md,2024-09-13,not identified in filings or news,Not identified,9.31,12.3,32.1,False
igm_biosciences_inc_IGMS.md,2024-09-20,not identified in filings or news,Not identified,12.3,16.16,31.4,False
igm_biosciences_inc_IGMS.md,2024-11-15,not identified in filings or news,Not identified,13.03,9.47,-27.3,False
igm_biosciences_inc_IGMS.md,2024-12-13,not identified in filings or news,Not identified,10.31,7.17,-30.5,False
igm_biosciences_inc_IGMS.md,2025-01-10,not identified in filings or news,Not identified,6.56,2.09,-68.1,False
igm_biosciences_inc_IGMS.md,2025-07-04,not identified in filings or news,Not identified,1.08,1.36,25.9,False
ignyta_inc_RXDX.md,,Trigger event,Event source,,,,True
ignyta_inc_RXDX.md,2016-03-18,not identified in filings or news,Not identified,7.14,5.5,-23.0,False
ignyta_inc_RXDX.md,2016-06-10,not identified in filings or news,Not identified,7.33,5.79,-21.1,False
ignyta_inc_RXDX.md,2016-11-11,not identified in filings or news,Not identified,4.25,6.65,56.5,False
ignyta_inc_RXDX.md,2017-02-03,not identified in filings or news,Not identified,4.9,6.2,26.5,False
ignyta_inc_RXDX.md,2017-02-10,not identified in filings or news,Not identified,6.2,7.75,25.0,False
ignyta_inc_RXDX.md,2017-02-17,not identified in filings or news,Not identified,7.75,9.6,23.9,False
ignyta_inc_RXDX.md,2017-06-16,not identified in filings or news,Not identified,7.8,9.85,26.3,False
ignyta_inc_RXDX.md,2017-09-01,not identified in filings or news,Not identified,9.3,11.75,26.3,False
ignyta_inc_RXDX.md,2017-12-22,not identified in filings or news,Not identified,15.25,26.85,76.1,False
imago_biosciences_inc_IMGO.md,,Trigger event,Event source,,,,True
imago_biosciences_inc_IMGO.md,2021-08-06,not identified in filings or news,Not identified,18.32,24.49,33.7,False
imago_biosciences_inc_IMGO.md,2021-08-27,not identified in filings or news,Not identified,20.38,25.45,24.9,False
imago_biosciences_inc_IMGO.md,2022-11-25,not identified in filings or news,Not identified,17.4,35.66,104.9,False
immune_design_corp_imdz.md,,Trigger event,Event source,,,,True
immune_design_corp_imdz.md,2017-06-23,"Positive G100 + pembrolizumab Phase 1/2 combination data for follicular lymphoma presented at ASCO 2017 (June 4-8, 2017); ""Immune Design Updates Positive Data from Lead Cancer Immunotherapy Programs at ASCO Annual Meeting"" (June 5, 2017)","Company news, GlobeNewswire 2017-06-05",7.2,9.65,34.0,True
immune_design_corp_imdz.md,2017-08-31,"CMB305 + checkpoint inhibitor data at ESMO 2017 (September 2017): ""Immune Design Announces New CMB305 + Checkpoint Inhibitor Topline Data"" (August 30, 2017) and ""New Randomized Data From CMB305 + Checkpoint Inhibitor Study Demonstrate Greater Clinical Benefit"" (September 8, 2017)","Company news, GlobeNewswire 2017-08-30 and 2017-09-08",8.15,11.0,34.9,True
immune_design_corp_imdz.md,2017-10-20,"Immune Design priced $80.0 million public offering of common stock at approximately $5.50/share (October 25, 2017); offering announced October 23, 2017","Company news, GlobeNewswire 2017-10-23 and 2017-10-25; 8-K accession 0001193125-17-316770 and 0001193125-17-319400",10.95,5.2,-52.5,True
immune_design_corp_imdz.md,2017-10-27,Continued post-offering selling; offering settlement and dilution absorption.,"Company news, public offering priced October 25, 2017",5.2,4.1,-21.2,True
immune_design_corp_imdz.md,2018-10-12,"Immune Design announced discontinuation of Phase 3 SYNOVATE CMB305 trial and prioritization of G100 (October 11, 2018); approximately 20% workforce reduction announced.","Company news, GlobeNewswire 2018-10-11; SC 14D9 accession 0001193125-19-063377, Item 4(i)",3.17,1.85,-41.6,True
immune_design_corp_imdz.md,2018-12-07,"Immune Design presented data at ASH 2018 showing increased overall response rate and longer progression-free survival in follicular lymphoma patients treated with G100 + pembrolizumab combination (December 2, 2018 press release).","Company news, GlobeNewswire 2018-12-02",1.41,2.01,42.6,True
immune_design_corp_imdz.md,2019-02-22,"Merck/Immune Design merger announcement (February 21, 2019): $5.85/share cash tender offer announced.",SC 14D9 accession 0001193125-19-063377; 8-K 0001193125-19-046201 filed 2019-02-21; company news GlobeNewswire 2019-02-22 (stockholder investigation note),1.44,5.83,304.9,True
immunomedics_inc_immu.md,,Trigger event,Event source,,,,True
immunomedics_inc_immu.md,2019-01-18,not identified in filings or news,Not identified,17.91,13.31,-25.7,False
immunomedics_inc_immu.md,2019-09-13,not identified in filings or news,Not identified,13.19,16.72,26.8,False
immunomedics_inc_immu.md,2020-03-13,not identified in filings or news,Not identified,16.4,12.7,-22.6,False
immunomedics_inc_immu.md,2020-04-03,not identified in filings or news,Not identified,12.84,9.4,-26.8,False
immunomedics_inc_immu.md,2020-04-10,not identified in filings or news,Not identified,9.4,19.64,108.9,False
immunomedics_inc_immu.md,2020-04-24,not identified in filings or news,Not identified,20.13,28.44,41.3,False
immunomedics_inc_immu.md,2020-09-18,not identified in filings or news,Not identified,42.25,85.53,102.4,False
inozyme_pharma_inc_INZY.md,,Trigger event,Event source,,,,True
inozyme_pharma_inc_INZY.md,2023-07-28,not identified in filings or news,Not identified,7.0,4.91,-29.9,False
inozyme_pharma_inc_INZY.md,2023-11-24,not identified in filings or news,Not identified,3.26,3.93,20.6,False
inozyme_pharma_inc_INZY.md,2024-03-29,not identified in filings or news,Not identified,5.8,7.66,32.1,False
inozyme_pharma_inc_INZY.md,2024-09-13,not identified in filings or news,Not identified,4.98,6.0,20.5,False
inozyme_pharma_inc_INZY.md,2024-11-15,not identified in filings or news,Not identified,4.02,3.12,-22.3,False
inozyme_pharma_inc_INZY.md,2025-01-10,not identified in filings or news,Not identified,3.07,2.0,-35.0,False
inozyme_pharma_inc_INZY.md,2025-01-17,not identified in filings or news,Not identified,2.0,1.36,-31.8,False
inozyme_pharma_inc_INZY.md,2025-05-02,not identified in filings or news,Not identified,0.98,1.62,64.6,False
inozyme_pharma_inc_INZY.md,2025-05-09,not identified in filings or news,Not identified,1.62,1.15,-29.0,False
inozyme_pharma_inc_INZY.md,2025-05-16,not identified in filings or news,Not identified,1.15,3.95,243.5,False
insite_vision_inc_INSV.md,,Trigger event,Event source,,,,True
insite_vision_inc_INSV.md,2013-12-20,not identified in filings or news,Not identified,0.23,0.29,26.1,False
insite_vision_inc_INSV.md,2014-03-28,not identified in filings or news,Not identified,0.29,0.2,-31.0,False
insite_vision_inc_INSV.md,2014-06-13,not identified in filings or news,Not identified,0.13,0.18,46.8,False
insite_vision_inc_INSV.md,2014-07-11,not identified in filings or news,Not identified,0.16,0.31,91.9,False
insite_vision_inc_INSV.md,2014-08-22,not identified in filings or news,Not identified,0.25,0.3,20.6,False
insite_vision_inc_INSV.md,2014-12-26,not identified in filings or news,Not identified,0.21,0.17,-20.9,False
insite_vision_inc_INSV.md,2015-06-12,not identified in filings or news,Not identified,0.14,0.18,28.6,False
insite_vision_inc_INSV.md,2015-08-14,not identified in filings or news,Not identified,0.17,0.22,24.0,False
insite_vision_inc_INSV.md,2015-09-04,not identified in filings or news,Not identified,0.26,0.34,27.9,False
inspire_pharmaceuticals_inc_ISPH.md,,Trigger event,Event source,,,,True
inspire_pharmaceuticals_inc_ISPH.md,2009-06-05,not identified in filings or news,Not identified,4.1,5.05,23.2,False
inspire_pharmaceuticals_inc_ISPH.md,2009-08-21,not identified in filings or news,Not identified,4.64,5.93,27.8,False
inspire_pharmaceuticals_inc_ISPH.md,2009-11-06,not identified in filings or news,Not identified,4.47,5.48,22.6,False
inspire_pharmaceuticals_inc_ISPH.md,2011-01-07,not identified in filings or news,Not identified,8.4,3.84,-54.3,False
inspire_pharmaceuticals_inc_ISPH.md,2011-04-08,not identified in filings or news,Not identified,3.94,4.98,26.4,False
intercept_pharmaceuticals_inc_ICPT.md,,Trigger event,Event source,,,,True
intercept_pharmaceuticals_inc_ICPT.md,2022-05-06,not identified in filings or news,Not identified,15.71,19.27,22.7,False
intercept_pharmaceuticals_inc_ICPT.md,2022-06-10,not identified in filings or news,Not identified,16.38,12.68,-22.6,False
intercept_pharmaceuticals_inc_ICPT.md,2022-08-05,not identified in filings or news,Not identified,12.76,16.42,28.7,False
intercept_pharmaceuticals_inc_ICPT.md,2022-12-23,not identified in filings or news,Not identified,15.34,11.83,-22.9,False
intercept_pharmaceuticals_inc_ICPT.md,2023-03-10,not identified in filings or news,Not identified,20.68,16.12,-22.1,False
intercept_pharmaceuticals_inc_ICPT.md,2023-04-14,not identified in filings or news,Not identified,13.22,17.25,30.5,False
intercept_pharmaceuticals_inc_ICPT.md,2023-05-26,not identified in filings or news,Not identified,16.12,10.26,-36.4,False
intercept_pharmaceuticals_inc_ICPT.md,2023-09-29,not identified in filings or news,Not identified,10.48,18.54,76.9,False
intermune_inc_ITMN.md,,Trigger event,Event source,,,,True
intermune_inc_ITMN.md,2013-07-12,not identified in filings or news,Not identified,10.0,12.45,24.5,False
intermune_inc_ITMN.md,2014-01-31,not identified in filings or news,Not identified,16.85,13.35,-20.8,False
intermune_inc_ITMN.md,2014-02-28,not identified in filings or news,Not identified,13.77,30.04,118.2,False
intermune_inc_ITMN.md,2014-08-29,not identified in filings or news,Not identified,53.8,73.45,36.5,False
iteos_therapeutics_inc_ITOS.md,,Trigger event,Event source,,,,True
iteos_therapeutics_inc_ITOS.md,2024-03-29,not identified in filings or news,Not identified,11.19,13.64,21.9,False
iteos_therapeutics_inc_ITOS.md,2024-05-10,not identified in filings or news,Not identified,11.66,17.44,49.6,False
iteos_therapeutics_inc_ITOS.md,2024-09-20,not identified in filings or news,Not identified,16.7,11.26,-32.6,False
jounce_therapeutics_inc_jnce.md,,Trigger event,Event source,,,,True
jounce_therapeutics_inc_jnce.md,2022-11-11,Jounce Board begins strategic alternatives review,SEC filing,1.34,1.05,-21.6,True
jounce_therapeutics_inc_jnce.md,2023-01-27,Ongoing negotiations with Redx,SEC filing,1.38,1.05,-23.9,True
jounce_therapeutics_inc_jnce.md,2023-02-24,Redx and Jounce announce recommended business combination,News 2023-02-23,1.01,1.36,34.7,True
jounce_therapeutics_inc_jnce.md,2023-03-17,Jounce confirms receipt of unsolicited proposal from Concentra,News 2023-03-15,1.01,1.5,48.5,True
juniper_pharmaceuticals_inc_JNP.md,,Trigger event,Event source,,,,True
juniper_pharmaceuticals_inc_JNP.md,2018-03-16,not identified in filings or news,Not identified,9.3,12.15,30.6,False
juniper_pharmaceuticals_inc_JNP.md,2018-03-30,not identified in filings or news,Not identified,12.75,10.15,-20.4,False
juniper_pharmaceuticals_inc_JNP.md,2018-07-06,not identified in filings or news,Not identified,8.7,11.4,31.0,False
kalvista_pharmaceuticals_inc_KALV.md,,Trigger event,Event source,,,,True
kalvista_pharmaceuticals_inc_KALV.md,2025-06-06,not identified in filings or news,Not identified,11.8,14.37,21.7,False
kalvista_pharmaceuticals_inc_KALV.md,2025-07-11,not identified in filings or news,Not identified,11.98,14.52,21.2,False
kalvista_pharmaceuticals_inc_KALV.md,2025-11-14,not identified in filings or news,Not identified,10.78,13.62,26.3,False
kalvista_pharmaceuticals_inc_KALV.md,2026-05-01,not identified in filings or news,Not identified,19.63,26.65,35.8,False
kezar_life_sciences_inc_KZR.md,,Trigger event,Event source,,,,True
kezar_life_sciences_inc_KZR.md,2024-10-04,not identified in filings or news,Not identified,0.54,0.8,46.6,False
kezar_life_sciences_inc_KZR.md,2024-11-01,not identified in filings or news,Not identified,0.79,7.21,817.7,False
kezar_life_sciences_inc_KZR.md,2025-10-17,not identified in filings or news,Not identified,4.22,6.36,50.7,False
kezar_life_sciences_inc_KZR.md,2026-05-08,not identified in filings or news,Not identified,7.33,0.17,-97.7,False
king_pharmaceuticals_inc_KG.md,,Trigger event,Event source,,,,True
king_pharmaceuticals_inc_KG.md,2008-11-28,not identified in filings or news,Not identified,3.45,4.15,20.3,False
king_pharmaceuticals_inc_KG.md,2009-01-09,not identified in filings or news,Not identified,3.27,4.02,22.9,False
kinnate_biopharma_inc_KNTE.md,,Trigger event,Event source,,,,True
kinnate_biopharma_inc_KNTE.md,2022-03-18,not identified in filings or news,Not identified,8.73,10.8,23.7,False
kinnate_biopharma_inc_KNTE.md,2022-06-24,not identified in filings or news,Not identified,9.36,12.04,28.6,False
kinnate_biopharma_inc_KNTE.md,2022-08-05,not identified in filings or news,Not identified,10.7,13.18,23.2,False
kinnate_biopharma_inc_KNTE.md,2022-10-14,not identified in filings or news,Not identified,10.99,8.69,-20.9,False
kinnate_biopharma_inc_KNTE.md,2022-12-09,not identified in filings or news,Not identified,7.54,5.98,-20.7,False
kinnate_biopharma_inc_KNTE.md,2023-01-27,not identified in filings or news,Not identified,5.92,7.32,23.6,False
kinnate_biopharma_inc_KNTE.md,2023-02-24,not identified in filings or news,Not identified,7.36,5.18,-29.6,False
kinnate_biopharma_inc_KNTE.md,2023-03-10,not identified in filings or news,Not identified,5.0,3.46,-30.8,False
kinnate_biopharma_inc_KNTE.md,2023-03-17,not identified in filings or news,Not identified,3.46,5.42,56.6,False
kinnate_biopharma_inc_KNTE.md,2023-04-21,not identified in filings or news,Not identified,5.46,2.88,-47.3,False
kinnate_biopharma_inc_KNTE.md,2023-05-12,not identified in filings or news,Not identified,2.87,3.77,31.4,False
kinnate_biopharma_inc_KNTE.md,2023-08-18,not identified in filings or news,Not identified,2.81,2.07,-26.3,False
kinnate_biopharma_inc_KNTE.md,2023-11-17,not identified in filings or news,Not identified,1.23,2.25,82.9,False
kite_pharma_inc_KITE.md,,Trigger event,Event source,,,,True
kite_pharma_inc_KITE.md,2016-11-11,not identified in filings or news,Not identified,42.7,51.5,20.6,False
kite_pharma_inc_KITE.md,2017-03-03,not identified in filings or news,Not identified,52.6,72.53,37.9,False
kite_pharma_inc_KITE.md,2017-09-01,not identified in filings or news,Not identified,139.1,178.05,28.0,False
kos_pharmaceuticals_inc_KOSP.md,,Trigger event,Event source,,,,True
kos_pharmaceuticals_inc_KOSP.md,2005-04-01,not identified in filings or news,Not identified,33.67,42.5,26.2,False
kos_pharmaceuticals_inc_KOSP.md,2005-12-16,not identified in filings or news,Not identified,71.29,50.37,-29.3,False
kos_pharmaceuticals_inc_KOSP.md,2006-11-10,not identified in filings or news,Not identified,50.09,77.31,54.3,False
kronos_bio_inc_KRON.md,,Trigger event,Event source,,,,True
kronos_bio_inc_KRON.md,2023-11-17,not identified in filings or news,Not identified,0.8,1.11,38.8,False
kronos_bio_inc_KRON.md,2024-03-08,not identified in filings or news,Not identified,1.02,1.29,26.5,False
kronos_bio_inc_KRON.md,2024-05-24,not identified in filings or news,Not identified,1.02,0.76,-25.9,False
kronos_bio_inc_KRON.md,2024-06-14,not identified in filings or news,Not identified,0.74,1.08,45.5,False
kronos_bio_inc_KRON.md,2024-07-12,not identified in filings or news,Not identified,1.15,1.43,24.3,False
kronos_bio_inc_KRON.md,2025-06-06,not identified in filings or news,Not identified,0.68,0.87,29.2,False
la_jolla_pharmaceutical_co_LJPC.md,,Trigger event,Event source,,,,True
la_jolla_pharmaceutical_co_LJPC.md,2020-11-13,not identified in filings or news,Not identified,3.57,4.68,31.1,False
la_jolla_pharmaceutical_co_LJPC.md,2021-01-15,not identified in filings or news,Not identified,4.12,5.35,29.9,False
la_jolla_pharmaceutical_co_LJPC.md,2021-03-12,not identified in filings or news,Not identified,4.68,5.69,21.6,False
la_jolla_pharmaceutical_co_LJPC.md,2021-05-28,not identified in filings or news,Not identified,3.5,4.3,22.9,False
la_jolla_pharmaceutical_co_LJPC.md,2021-12-03,not identified in filings or news,Not identified,4.7,3.76,-20.0,False
la_jolla_pharmaceutical_co_LJPC.md,2021-12-10,not identified in filings or news,Not identified,3.76,4.55,21.0,False
la_jolla_pharmaceutical_co_LJPC.md,2022-07-15,not identified in filings or news,Not identified,3.39,6.18,82.3,False
lava_therapeutics_nv_LVTX.md,,Trigger event,Event source,,,,True
lava_therapeutics_nv_LVTX.md,2024-02-16,not identified in filings or news,Not identified,1.72,2.16,25.6,False
lava_therapeutics_nv_LVTX.md,2024-03-15,not identified in filings or news,Not identified,2.32,2.95,27.2,False
lava_therapeutics_nv_LVTX.md,2024-03-22,not identified in filings or news,Not identified,2.95,3.65,23.7,False
lava_therapeutics_nv_LVTX.md,2024-06-21,not identified in filings or news,Not identified,2.34,1.86,-20.5,False
lava_therapeutics_nv_LVTX.md,2024-12-13,not identified in filings or news,Not identified,1.77,1.11,-37.3,False
lava_therapeutics_nv_LVTX.md,2025-02-28,not identified in filings or news,Not identified,0.96,1.29,34.7,False
lava_therapeutics_nv_LVTX.md,2025-04-18,not identified in filings or news,Not identified,1.09,1.31,20.2,False
lisata_therapeutics_inc_LSTA.md,,Trigger event,Event source,,,,True
lisata_therapeutics_inc_LSTA.md,2025-01-03,not identified in filings or news,Not identified,3.02,3.85,27.5,False
lisata_therapeutics_inc_LSTA.md,2025-01-24,not identified in filings or news,Not identified,3.71,2.68,-27.8,False
lisata_therapeutics_inc_LSTA.md,2025-05-16,not identified in filings or news,Not identified,2.1,2.63,25.2,False
lisata_therapeutics_inc_LSTA.md,2025-11-07,not identified in filings or news,Not identified,2.79,2.06,-26.2,False
lisata_therapeutics_inc_LSTA.md,2026-01-23,not identified in filings or news,Not identified,2.16,4.11,90.3,False
lisata_therapeutics_inc_LSTA.md,2026-03-13,not identified in filings or news,Not identified,4.18,5.03,20.3,False
lisata_therapeutics_inc_LSTA.md,2026-04-17,not identified in filings or news,Not identified,5.01,3.23,-35.5,False
logicbio_therapeutics_inc_LOGC.md,,Trigger event,Event source,,,,True
logicbio_therapeutics_inc_LOGC.md,2021-01-15,not identified in filings or news,Not identified,20.36,24.84,22.0,False
logicbio_therapeutics_inc_LOGC.md,2021-01-29,not identified in filings or news,Not identified,24.75,30.07,21.5,False
logicbio_therapeutics_inc_LOGC.md,2021-05-14,not identified in filings or news,Not identified,12.61,9.79,-22.4,False
logicbio_therapeutics_inc_LOGC.md,2021-06-11,not identified in filings or news,Not identified,8.29,10.0,20.6,False
logicbio_therapeutics_inc_LOGC.md,2021-06-25,not identified in filings or news,Not identified,11.4,14.04,23.2,False
logicbio_therapeutics_inc_LOGC.md,2021-08-13,not identified in filings or news,Not identified,9.83,7.55,-23.2,False
logicbio_therapeutics_inc_LOGC.md,2021-11-19,not identified in filings or news,Not identified,5.41,4.25,-21.4,False
logicbio_therapeutics_inc_LOGC.md,2022-09-16,not identified in filings or news,Not identified,1.29,0.99,-23.3,False
logicbio_therapeutics_inc_LOGC.md,2022-11-11,not identified in filings or news,Not identified,0.69,0.83,20.4,False
longboard_pharmaceuticals_inc_LBPH.md,,Trigger event,Event source,,,,True
longboard_pharmaceuticals_inc_LBPH.md,2022-11-04,not identified in filings or news,Not identified,3.15,4.35,38.1,False
longboard_pharmaceuticals_inc_LBPH.md,2022-12-09,not identified in filings or news,Not identified,5.2,3.56,-31.5,False
longboard_pharmaceuticals_inc_LBPH.md,2022-12-16,not identified in filings or news,Not identified,3.56,4.32,21.3,False
longboard_pharmaceuticals_inc_LBPH.md,2023-01-06,not identified in filings or news,Not identified,3.26,5.09,56.1,False
longboard_pharmaceuticals_inc_LBPH.md,2023-04-07,not identified in filings or news,Not identified,4.01,5.11,27.4,False
longboard_pharmaceuticals_inc_LBPH.md,2023-05-26,not identified in filings or news,Not identified,9.24,6.92,-25.1,False
longboard_pharmaceuticals_inc_LBPH.md,2024-01-05,not identified in filings or news,Not identified,6.03,25.2,317.9,False
longboard_pharmaceuticals_inc_LBPH.md,2024-06-28,not identified in filings or news,Not identified,20.81,27.03,29.9,False
longboard_pharmaceuticals_inc_LBPH.md,2024-07-05,not identified in filings or news,Not identified,27.03,34.87,29.0,False
longboard_pharmaceuticals_inc_LBPH.md,2024-10-18,not identified in filings or news,Not identified,38.9,59.21,52.2,False
loxo_oncology_inc_LOXO.md,,Trigger event,Event source,,,,True
loxo_oncology_inc_LOXO.md,2017-06-09,not identified in filings or news,Not identified,48.98,71.55,46.1,False
loxo_oncology_inc_LOXO.md,2018-05-18,not identified in filings or news,Not identified,139.45,170.44,22.2,False
loxo_oncology_inc_LOXO.md,2019-01-11,not identified in filings or news,Not identified,139.87,232.51,66.2,False
lumos_pharma_inc_LUMO.md,,Trigger event,Event source,,,,True
lumos_pharma_inc_LUMO.md,2022-11-18,not identified in filings or news,Not identified,8.91,4.81,-46.0,False
lumos_pharma_inc_LUMO.md,2022-12-09,not identified in filings or news,Not identified,5.15,3.62,-29.7,False
lumos_pharma_inc_LUMO.md,2023-10-06,not identified in filings or news,Not identified,3.3,3.98,20.6,False
lumos_pharma_inc_LUMO.md,2024-07-12,not identified in filings or news,Not identified,2.21,1.65,-25.3,False
lumos_pharma_inc_LUMO.md,2024-07-26,not identified in filings or news,Not identified,1.46,1.8,23.3,False
lumos_pharma_inc_LUMO.md,2024-08-16,not identified in filings or news,Not identified,2.18,3.27,50.0,False
map_pharmaceuticals_inc_MAPP.md,,Trigger event,Event source,,,,True
marinus_pharmaceuticals_inc_MRNS.md,,Trigger event,Event source,,,,True
marinus_pharmaceuticals_inc_MRNS.md,2023-06-09,not identified in filings or news,Not identified,7.39,10.42,41.0,False
marinus_pharmaceuticals_inc_MRNS.md,2023-08-11,not identified in filings or news,Not identified,10.5,6.82,-35.0,False
marinus_pharmaceuticals_inc_MRNS.md,2023-09-29,not identified in filings or news,Not identified,6.6,8.05,22.0,False
marinus_pharmaceuticals_inc_MRNS.md,2023-12-22,not identified in filings or news,Not identified,8.59,10.44,21.5,False
marinus_pharmaceuticals_inc_MRNS.md,2024-04-19,not identified in filings or news,Not identified,7.52,1.38,-81.6,False
marinus_pharmaceuticals_inc_MRNS.md,2024-10-25,not identified in filings or news,Not identified,1.85,0.41,-78.1,False
marinus_pharmaceuticals_inc_MRNS.md,2024-12-27,not identified in filings or news,Not identified,0.23,0.37,61.5,False
marinus_pharmaceuticals_inc_MRNS.md,2025-01-03,not identified in filings or news,Not identified,0.37,0.54,44.9,False
martek_biosciences_corp_MATK.md,,Trigger event,Event source,,,,True
martek_biosciences_corp_MATK.md,2010-06-04,not identified in filings or news,Not identified,18.59,22.37,20.3,False
martek_biosciences_corp_MATK.md,2010-12-24,not identified in filings or news,Not identified,23.02,31.57,37.1,False
matrixx_initiatives_inc_MTXX.md,,Trigger event,Event source,,,,True
matrixx_initiatives_inc_MTXX.md,2009-06-19,not identified in filings or news,Not identified,19.28,5.55,-71.2,False
matrixx_initiatives_inc_MTXX.md,2010-12-17,not identified in filings or news,Not identified,5.14,8.13,58.2,False
medicines_co_de_MDCO.md,,Trigger event,Event source,,,,True
medicines_co_de_MDCO.md,2018-01-26,not identified in filings or news,Not identified,24.83,33.6,35.3,False
medicines_co_de_MDCO.md,2019-11-22,not identified in filings or news,Not identified,51.98,68.55,31.9,False
medicines_co_de_MDCO.md,2019-11-29,not identified in filings or news,Not identified,68.55,84.2,22.8,False
medimmune_inc_de_MEDI.md,,Trigger event,Event source,,,,True
medimmune_inc_de_MEDI.md,2007-04-13,not identified in filings or news,Not identified,36.38,44.19,21.5,False
medivation_inc_MDVN.md,,Trigger event,Event source,,,,True
medivation_inc_MDVN.md,2015-09-18,not identified in filings or news,Not identified,95.48,50.57,-47.0,False
memory_pharmaceuticals_corp_MEMY.md,,Trigger event,Event source,,,,True
memory_pharmaceuticals_corp_MEMY.md,2007-01-05,not identified in filings or news,Not identified,2.44,3.37,38.1,False
memory_pharmaceuticals_corp_MEMY.md,2007-03-09,not identified in filings or news,Not identified,3.13,2.23,-28.8,False
memory_pharmaceuticals_corp_MEMY.md,2007-03-23,not identified in filings or news,Not identified,2.2,1.74,-20.9,False
memory_pharmaceuticals_corp_MEMY.md,2007-04-13,not identified in filings or news,Not identified,1.63,2.55,56.4,False
memory_pharmaceuticals_corp_MEMY.md,2007-05-11,not identified in filings or news,Not identified,1.81,2.2,21.5,False
memory_pharmaceuticals_corp_MEMY.md,2007-10-19,not identified in filings or news,Not identified,1.75,1.0,-42.9,False
memory_pharmaceuticals_corp_MEMY.md,2007-11-23,not identified in filings or news,Not identified,0.86,0.67,-22.1,False
memory_pharmaceuticals_corp_MEMY.md,2008-05-23,not identified in filings or news,Not identified,0.44,0.59,34.1,False
memory_pharmaceuticals_corp_MEMY.md,2008-08-01,not identified in filings or news,Not identified,0.3,0.37,23.3,False
memory_pharmaceuticals_corp_MEMY.md,2008-09-19,not identified in filings or news,Not identified,0.29,0.2,-31.0,False
memory_pharmaceuticals_corp_MEMY.md,2008-10-10,not identified in filings or news,Not identified,0.18,0.13,-27.8,False
memory_pharmaceuticals_corp_MEMY.md,2008-10-24,not identified in filings or news,Not identified,0.12,0.07,-41.7,False
memory_pharmaceuticals_corp_MEMY.md,2008-10-31,not identified in filings or news,Not identified,0.07,0.1,42.9,False
memory_pharmaceuticals_corp_MEMY.md,2008-11-07,not identified in filings or news,Not identified,0.1,0.16,60.0,False
memory_pharmaceuticals_corp_MEMY.md,2008-11-21,not identified in filings or news,Not identified,0.17,0.13,-23.5,False
memory_pharmaceuticals_corp_MEMY.md,2008-11-28,not identified in filings or news,Not identified,0.13,0.59,353.8,False
mersana_therapeutics_inc_MRSN.md,,Trigger event,Event source,,,,True
mersana_therapeutics_inc_MRSN.md,2024-01-12,not identified in filings or news,Not identified,2.27,3.02,33.0,False
mersana_therapeutics_inc_MRSN.md,2024-03-01,not identified in filings or news,Not identified,3.79,5.94,56.7,False
mersana_therapeutics_inc_MRSN.md,2024-05-10,not identified in filings or news,Not identified,3.46,2.71,-21.7,False
mersana_therapeutics_inc_MRSN.md,2024-08-02,not identified in filings or news,Not identified,2.1,1.61,-23.3,False
mersana_therapeutics_inc_MRSN.md,2024-09-13,not identified in filings or news,Not identified,1.35,2.11,56.3,False
mersana_therapeutics_inc_MRSN.md,2024-11-08,not identified in filings or news,Not identified,1.82,2.57,41.2,False
mersana_therapeutics_inc_MRSN.md,2024-12-20,not identified in filings or news,Not identified,2.15,1.6,-25.6,False
mersana_therapeutics_inc_MRSN.md,2025-01-10,not identified in filings or news,Not identified,1.39,0.72,-48.2,False
mersana_therapeutics_inc_MRSN.md,2025-02-07,not identified in filings or news,Not identified,0.61,0.75,23.2,False
mersana_therapeutics_inc_MRSN.md,2025-02-14,not identified in filings or news,Not identified,0.75,0.58,-22.4,False
mersana_therapeutics_inc_MRSN.md,2025-04-04,not identified in filings or news,Not identified,0.38,0.3,-20.3,False
mersana_therapeutics_inc_MRSN.md,2025-06-27,not identified in filings or news,Not identified,0.37,0.29,-20.5,False
mersana_therapeutics_inc_MRSN.md,2025-08-01,not identified in filings or news,Not identified,0.31,6.6,2042.9,False
mersana_therapeutics_inc_MRSN.md,2025-11-14,not identified in filings or news,Not identified,8.41,27.92,232.0,False
merus_n_v_MRUS.md,,Trigger event,Event source,,,,True
merus_n_v_MRUS.md,2023-11-03,not identified in filings or news,Not identified,20.06,24.88,24.0,False
merus_n_v_MRUS.md,2024-05-24,not identified in filings or news,Not identified,43.91,59.99,36.6,False
merus_n_v_MRUS.md,2025-05-23,not identified in filings or news,Not identified,41.56,55.14,32.7,False
merus_n_v_MRUS.md,2025-10-03,not identified in filings or news,Not identified,68.89,94.29,36.9,False
mgi_pharma_inc_MOGN.md,,Trigger event,Event source,,,,True
mgi_pharma_inc_MOGN.md,2006-07-21,not identified in filings or news,Not identified,20.58,14.68,-28.7,False
mgi_pharma_inc_MOGN.md,2007-12-14,not identified in filings or news,Not identified,33.45,40.31,20.5,False
millennium_pharmaceuticals_inc_MLNM.md,,Trigger event,Event source,,,,True
millennium_pharmaceuticals_inc_MLNM.md,2008-04-11,not identified in filings or news,Not identified,16.16,24.39,50.9,False
miromatrix_medical_inc_MIRO.md,,Trigger event,Event source,,,,True
miromatrix_medical_inc_MIRO.md,2022-03-11,not identified in filings or news,Not identified,3.73,2.34,-37.3,False
miromatrix_medical_inc_MIRO.md,2022-03-25,not identified in filings or news,Not identified,2.31,4.06,75.8,False
miromatrix_medical_inc_MIRO.md,2022-09-02,not identified in filings or news,Not identified,2.89,4.46,54.3,False
miromatrix_medical_inc_MIRO.md,2022-09-30,not identified in filings or news,Not identified,3.53,4.38,24.1,False
miromatrix_medical_inc_MIRO.md,2022-12-16,not identified in filings or news,Not identified,4.1,2.88,-29.8,False
miromatrix_medical_inc_MIRO.md,2023-03-10,not identified in filings or news,Not identified,2.62,1.5,-42.7,False
miromatrix_medical_inc_MIRO.md,2023-06-09,not identified in filings or news,Not identified,1.0,1.6,60.0,False
miromatrix_medical_inc_MIRO.md,2023-06-23,not identified in filings or news,Not identified,1.6,2.03,26.9,False
miromatrix_medical_inc_MIRO.md,2023-07-28,not identified in filings or news,Not identified,1.74,1.37,-21.3,False
miromatrix_medical_inc_MIRO.md,2023-11-03,not identified in filings or news,Not identified,1.04,3.34,221.2,False
momenta_pharmaceuticals_inc_mnta.md,,Trigger event,Event source,,,,True
momenta_pharmaceuticals_inc_mnta.md,2020-01-17,Positive Phase 1 data and enrollment expansion in myasthenia gravis trial,Company press releases and SEC filings (Q4 2019 updates),35.2,45.4,28.9,True
momenta_pharmaceuticals_inc_mnta.md,2020-02-21,COVID-19 market turmoil and sector rotation away from small-cap biotech; Momenta sold off,Broad market decline; sector pressure (Feb-March 2020 pandemic decline),45.4,35.03,-22.8,True
momenta_pharmaceuticals_inc_mnta.md,2020-03-27,Continued COVID-19 market pressure; biotech recovery begins slowly,Market stabilization and sector reversal (late March 2020),22.08,22.08,0.0,True
momenta_pharmaceuticals_inc_mnta.md,2020-04-10,Market recovery; biotech outperformance as growth stocks rebounded,Broad equity market recovery from COVID trough,22.08,26.4,19.5,True
momenta_pharmaceuticals_inc_mnta.md,2020-05-29,Announced interim Phase 2 data readout scheduled for June 2020; positive anticipation,"Company announcement (May 29, 2020) that interim data would be released in Q2 2020",26.4,31.6,19.7,True
momenta_pharmaceuticals_inc_mnta.md,2020-06-12,Release of positive M281 Phase 2 interim analysis in generalized myasthenia gravis,"Company press release (June 12, 2020) announcing positive Phase 2 interim results",31.05,31.05,0.0,True
momenta_pharmaceuticals_inc_mnta.md,2020-06-19,Market digestion of positive M281 data; J&J acquisition interest announced,Stock market reaction to M281 interim data release (June 12) and reported acquisition interest from J&J (June 15),31.05,35.65,14.8,True
momenta_pharmaceuticals_inc_mnta.md,2020-06-26,Initial J&J proposal received; Board engaged financial advisors,Company announced receipt of acquisition proposal; Board initiated process,35.65,39.27,10.1,True
momenta_pharmaceuticals_inc_mnta.md,2020-07-10,J&J's revised proposal at $47.50/share conveyed; market expectations for deal success increased,"Company announcement or market intelligence regarding improved J&J offer (July 21 formal offer, but market pricing began in advance)",39.27,44.95,14.5,True
momenta_pharmaceuticals_inc_mnta.md,2020-08-14,Stock declined sharply as deal negotiations faced uncertainty or price concessions; market concern about deal value or macro headwinds,Reported delays in J&J board approval and potential price caps at $50.50/share; market uncertainty about final deal value,44.95,29.14,-35.1,True
momenta_pharmaceuticals_inc_mnta.md,2020-08-21,J&J Board approved final offer at $52.50/share; sharp reversal and price recovery,J&J Board approval and commitment to $52.50/share (August 18); merger agreement signed (August 19); formal announcement to market,29.14,50.7,73.9,True
momenta_pharmaceuticals_inc_mnta.md,2020-09-04,Tender offer commenced and stock stabilized at offer price,Tender offer began September 2; market stabilization around deal price,50.7,52.18,2.9,True
momenta_pharmaceuticals_inc_mnta.md,2020-09-11,Stock held steady near offer price; no deal uncertainty,Tender offer period proceeding normally with no hiccups reported,52.18,52.08,-0.2,True
momenta_pharmaceuticals_inc_mnta.md,2020-09-18,Stock held steady near offer price; normal trading,Continued tender offer administration; no material news,52.08,52.26,0.3,True
momenta_pharmaceuticals_inc_mnta.md,2020-09-25,Stock held steady near offer price; final week of tender offer period,Tender offer expiration approaching (September 30); no competitive developments,52.26,52.4,0.3,True
monogram_biosciences_inc_MGRM.md,,Trigger event,Event source,,,,True
monogram_biosciences_inc_MGRM.md,2008-10-10,not identified in filings or news,Not identified,3.86,2.94,-23.9,False
monogram_biosciences_inc_MGRM.md,2008-10-24,not identified in filings or news,Not identified,3.24,3.9,20.4,False
monogram_biosciences_inc_MGRM.md,2008-10-31,not identified in filings or news,Not identified,3.9,3.0,-23.1,False
monogram_biosciences_inc_MGRM.md,2009-02-06,not identified in filings or news,Not identified,2.75,4.0,45.5,False
monogram_biosciences_inc_MGRM.md,2009-02-20,not identified in filings or news,Not identified,3.64,2.84,-22.0,False
monogram_biosciences_inc_MGRM.md,2009-05-08,not identified in filings or news,Not identified,2.74,2.15,-21.5,False
monogram_biosciences_inc_MGRM.md,2009-06-26,not identified in filings or news,Not identified,1.81,4.55,151.4,False
morphic_holding_inc_MORF.md,,Trigger event,Event source,,,,True
morphic_holding_inc_MORF.md,2022-08-05,not identified in filings or news,Not identified,26.47,32.44,22.6,False
morphic_holding_inc_MORF.md,2023-04-21,not identified in filings or news,Not identified,34.64,44.82,29.4,False
morphic_holding_inc_MORF.md,2023-09-22,not identified in filings or news,Not identified,53.22,36.68,-31.1,False
morphic_holding_inc_MORF.md,2023-09-29,not identified in filings or news,Not identified,36.68,22.91,-37.5,False
morphic_holding_inc_MORF.md,2024-07-12,not identified in filings or news,Not identified,31.84,55.78,75.2,False
morphosys_ag_MOR.md,,Trigger event,Event source,,,,True
morphosys_ag_MOR.md,2022-11-18,not identified in filings or news,Not identified,5.46,4.05,-25.8,False
morphosys_ag_MOR.md,2023-04-07,not identified in filings or news,Not identified,3.96,4.95,25.0,False
morphosys_ag_MOR.md,2023-11-17,not identified in filings or news,Not identified,7.6,5.84,-23.2,False
morphosys_ag_MOR.md,2023-11-24,not identified in filings or news,Not identified,5.84,4.67,-20.0,False
morphosys_ag_MOR.md,2023-12-01,not identified in filings or news,Not identified,4.67,7.01,50.1,False
morphosys_ag_MOR.md,2023-12-15,not identified in filings or news,Not identified,7.05,9.72,37.9,False
morphosys_ag_MOR.md,2024-01-26,not identified in filings or news,Not identified,9.17,11.52,25.6,False
morphosys_ag_MOR.md,2024-02-09,not identified in filings or news,Not identified,11.07,17.15,54.9,False
myogen_inc_MYOG.md,,Trigger event,Event source,,,,True
myogen_inc_MYOG.md,2005-07-22,not identified in filings or news,Not identified,8.46,10.53,24.5,False
myogen_inc_MYOG.md,2005-08-05,not identified in filings or news,Not identified,10.94,13.6,24.3,False
myogen_inc_MYOG.md,2005-08-19,not identified in filings or news,Not identified,14.02,21.68,54.6,False
myogen_inc_MYOG.md,2005-12-16,not identified in filings or news,Not identified,19.27,31.51,63.5,False
myogen_inc_MYOG.md,2006-10-06,not identified in filings or news,Not identified,35.08,51.72,47.4,False
myokardia_inc_MYOK.md,,Trigger event,Event source,,,,True
myokardia_inc_MYOK.md,2020-05-15,not identified in filings or news,Not identified,61.09,121.69,99.2,False
myokardia_inc_MYOK.md,2020-10-09,not identified in filings or news,Not identified,139.6,221.23,58.5,False
nabriva_therapeutics_plc_NBRV.md,,Trigger event,Event source,,,,True
nabriva_therapeutics_plc_NBRV.md,2015-09-25,not identified in filings or news,Not identified,3310.0,2432.5,-26.5,False
nabriva_therapeutics_plc_NBRV.md,2015-12-18,not identified in filings or news,Not identified,2292.5,8.82,-99.6,False
nabriva_therapeutics_plc_NBRV.md,2016-01-15,not identified in filings or news,Not identified,9.28,7.4,-20.3,False
nabriva_therapeutics_plc_NBRV.md,2016-11-04,not identified in filings or news,Not identified,6.01,4.75,-21.0,False
natrol_inc_NTOL.md,,Trigger event,Event source,,,,True
natrol_inc_NTOL.md,2006-02-10,not identified in filings or news,Not identified,1.8,2.4,33.6,False
natrol_inc_NTOL.md,2006-10-13,not identified in filings or news,Not identified,1.53,1.9,24.3,False
natrol_inc_NTOL.md,2007-11-23,not identified in filings or news,Not identified,2.27,4.29,89.0,False
new_river_pharmaceuticals_inc_NRPH.md,,Trigger event,Event source,,,,True
new_river_pharmaceuticals_inc_NRPH.md,2006-10-13,not identified in filings or news,Not identified,26.21,45.82,74.8,False
ngm_biopharmaceuticals_inc_ngm.md,,Trigger event,Event source,,,,True
ngm_biopharmaceuticals_inc_ngm.md,2022-10-21,"NGM Bio reported Phase 2 ALPINE 4 aldafermin data in NASH on or around October 18–19, 2022 (news items from ticker_data indicate company presentations at AASLD and NASH pipeline events; Week of October 21 saw a drop from $11.55 to $4.58, -60.3%)",Company news pull; news items reference AASLD 2022 presentations,11.55,4.58,-60.3,True
ngm_biopharmaceuticals_inc_ngm.md,2024-01-05,"TCG's Schedule 13D amendment filed December 29, 2023 disclosing unsolicited expression of interest in going-private transaction; market opened January 2, 2024; Company filed 8-K January 2, 2024 disclosing Special Committee formation","8-K (0001193125-24-046296 announcement 8-K references earlier December 29, 2023 TCG 13D filing); SC 14D9 (0001193125-24-063802)",0.86,1.34,55.8,True
ngm_biopharmaceuticals_inc_ngm.md,2024-02-23,"Merger Agreement execution announced February 26, 2024; week ended February 23 captures trading on February 22–23, 2024 as merger terms appeared to be finalizing (Special Committee meeting February 22, stock rising above $1.55 offer price)",SC 14D9 (0001193125-24-063802); 8-K (0001193125-24-046296),1.53,1.91,24.8,True
noven_pharmaceuticals_inc_NOVN.md,,Trigger event,Event source,,,,True
noven_pharmaceuticals_inc_NOVN.md,2008-03-14,not identified in filings or news,Not identified,12.32,9.46,-23.2,False
noven_pharmaceuticals_inc_NOVN.md,2008-05-16,not identified in filings or news,Not identified,9.63,11.65,21.0,False
noven_pharmaceuticals_inc_NOVN.md,2009-07-17,not identified in filings or news,Not identified,13.27,16.5,24.3,False
nps_pharmaceuticals_inc_npsp.md,,Trigger event,Event source,,,,True
nps_pharmaceuticals_inc_npsp.md,2013-08-09,not identified in filings or news,Not identified,18.74,22.69,21.1,False
obagi_medical_products_inc_OMPI.md,,Trigger event,Event source,,,,True
obagi_medical_products_inc_OMPI.md,2011-05-06,not identified in filings or news,Not identified,12.83,9.8,-23.6,False
obagi_medical_products_inc_OMPI.md,2012-08-03,not identified in filings or news,Not identified,15.35,12.21,-20.5,False
obagi_medical_products_inc_OMPI.md,2013-03-22,not identified in filings or news,Not identified,14.91,19.8,32.8,False
obagi_medical_products_inc_OMPI.md,2013-04-05,not identified in filings or news,Not identified,19.75,25.42,28.7,False
ocata_therapeutics_inc_OCAT.md,,Trigger event,Event source,,,,True
ocata_therapeutics_inc_OCAT.md,2014-01-31,not identified in filings or news,Not identified,6.0,8.0,33.3,False
ocata_therapeutics_inc_OCAT.md,2014-03-07,not identified in filings or news,Not identified,7.0,9.0,28.6,False
ocata_therapeutics_inc_OCAT.md,2014-07-04,not identified in filings or news,Not identified,6.0,8.0,33.3,False
ocata_therapeutics_inc_OCAT.md,2015-08-21,not identified in filings or news,Not identified,3.1,3.81,22.9,False
ocata_therapeutics_inc_OCAT.md,2015-09-25,not identified in filings or news,Not identified,4.99,3.95,-20.8,False
ocata_therapeutics_inc_OCAT.md,2015-11-13,not identified in filings or news,Not identified,4.75,8.46,78.1,False
ocera_therapeutics_inc_OCRX.md,,Trigger event,Event source,,,,True
ocera_therapeutics_inc_OCRX.md,2016-01-15,not identified in filings or news,Not identified,2.83,2.05,-27.6,False
ocera_therapeutics_inc_OCRX.md,2016-07-08,not identified in filings or news,Not identified,2.02,2.61,29.2,False
ocera_therapeutics_inc_OCRX.md,2016-09-16,not identified in filings or news,Not identified,2.24,2.75,22.8,False
ocera_therapeutics_inc_OCRX.md,2017-02-03,not identified in filings or news,Not identified,2.05,0.59,-71.0,False
ocera_therapeutics_inc_OCRX.md,2017-03-10,not identified in filings or news,Not identified,0.61,1.4,129.5,False
ocera_therapeutics_inc_OCRX.md,2017-09-22,not identified in filings or news,Not identified,0.91,1.17,28.6,False
ocera_therapeutics_inc_OCRX.md,2017-11-03,not identified in filings or news,Not identified,1.03,1.69,64.1,False
omrix_biopharmaceuticals_inc_OMRI.md,,Trigger event,Event source,,,,True
omrix_biopharmaceuticals_inc_OMRI.md,2007-08-31,not identified in filings or news,Not identified,29.1,35.01,20.3,False
omrix_biopharmaceuticals_inc_OMRI.md,2008-02-01,not identified in filings or news,Not identified,26.69,20.43,-23.5,False
omrix_biopharmaceuticals_inc_OMRI.md,2008-03-07,not identified in filings or news,Not identified,24.15,15.6,-35.4,False
omrix_biopharmaceuticals_inc_OMRI.md,2008-05-30,not identified in filings or news,Not identified,15.05,18.19,20.9,False
omrix_biopharmaceuticals_inc_OMRI.md,2008-10-10,not identified in filings or news,Not identified,19.5,11.62,-40.4,False
omrix_biopharmaceuticals_inc_OMRI.md,2008-10-17,not identified in filings or news,Not identified,11.62,14.48,24.6,False
onyx_pharmaceuticals_inc_ONXX.md,,Trigger event,Event source,,,,True
onyx_pharmaceuticals_inc_ONXX.md,2012-06-22,not identified in filings or news,Not identified,45.98,65.67,42.8,False
onyx_pharmaceuticals_inc_ONXX.md,2013-07-05,not identified in filings or news,Not identified,86.82,136.03,56.7,False
osi_pharmaceuticals_inc_OSIP.md,,Trigger event,Event source,,,,True
osi_pharmaceuticals_inc_OSIP.md,2010-03-05,not identified in filings or news,Not identified,37.01,56.99,54.0,False
osiris_therapeutics_inc_osir.md,,Trigger event,Event source,,,,True
osiris_therapeutics_inc_osir.md,2017-03-17,"Osiris received notice of delisting from Nasdaq (announcement March 10, 2017)","News: 2017-03-10 GlobeNewswire headline ""Osiris Receives Notice of Delisting from NASDAQ""",5.2,3.86,-25.8,True
osiris_therapeutics_inc_osir.md,2018-08-03,"Osiris re-listed on Nasdaq Global Market on August 1, 2018","News: 2018-08-01 GlobeNewswire headline ""Osiris Therapeutics, Inc. to Re-list on The Nasdaq Global Market on August 1, 2018""",3.86,10.52,172.5,True
osiris_therapeutics_inc_osir.md,2018-11-30,"Appointment of Samson Tom as President and CEO announced November 26, 2018; Q3 2018 results filed November 7, 2018","News: 2018-11-26 GlobeNewswire headline ""Osiris Therapeutics, Inc. Appoints Samson Tom, PhD, MBA to Serve as President and Chief Executive Officer""; News: 2018-11-07 results announcement",10.79,12.05,11.7,True
osiris_therapeutics_inc_osir.md,2019-03-15,"Merger Agreement announced March 12, 2019; Offer price $19.00 per share","News: 2019-03-12 GlobeNewswire headline ""Osiris Therapeutics, Inc. Enters Agreement to be Acquired by Smith & Nephew plc""; SC 14D9 accession 0001047469-19-001440",18.71,19.06,1.9,True
oyster_point_pharma_inc_OYST.md,,Trigger event,Event source,,,,True
oyster_point_pharma_inc_OYST.md,2021-10-15,not identified in filings or news,Not identified,11.05,13.6,23.1,False
oyster_point_pharma_inc_OYST.md,2022-03-04,not identified in filings or news,Not identified,10.95,8.58,-21.6,False
oyster_point_pharma_inc_OYST.md,2022-03-11,not identified in filings or news,Not identified,8.58,11.44,33.3,False
oyster_point_pharma_inc_OYST.md,2022-04-08,not identified in filings or news,Not identified,11.2,8.89,-20.6,False
oyster_point_pharma_inc_OYST.md,2022-06-24,not identified in filings or news,Not identified,3.68,4.61,25.3,False
oyster_point_pharma_inc_OYST.md,2022-07-22,not identified in filings or news,Not identified,4.43,6.07,37.0,False
oyster_point_pharma_inc_OYST.md,2022-08-05,not identified in filings or news,Not identified,6.03,7.9,31.0,False
oyster_point_pharma_inc_OYST.md,2022-10-07,not identified in filings or news,Not identified,5.62,7.08,26.0,False
oyster_point_pharma_inc_OYST.md,2022-11-11,not identified in filings or news,Not identified,8.35,11.18,33.9,False
pandion_therapeutics_inc_PAND.md,,Trigger event,Event source,,,,True
pandion_therapeutics_inc_PAND.md,2020-11-20,not identified in filings or news,Not identified,13.69,17.11,25.0,False
pandion_therapeutics_inc_PAND.md,2021-02-26,not identified in filings or news,Not identified,23.4,60.2,157.3,False
pardes_biosciences_inc_PRDS.md,,Trigger event,Event source,,,,True
pardes_biosciences_inc_PRDS.md,2021-12-31,not identified in filings or news,Not identified,9.8,16.37,67.0,False
pardes_biosciences_inc_PRDS.md,2022-01-28,not identified in filings or news,Not identified,13.54,10.54,-22.2,False
pardes_biosciences_inc_PRDS.md,2022-02-18,not identified in filings or news,Not identified,12.2,9.48,-22.3,False
pardes_biosciences_inc_PRDS.md,2022-02-25,not identified in filings or news,Not identified,9.48,7.35,-22.5,False
pardes_biosciences_inc_PRDS.md,2022-03-18,not identified in filings or news,Not identified,6.08,7.4,21.7,False
pardes_biosciences_inc_PRDS.md,2022-06-24,not identified in filings or news,Not identified,4.88,3.46,-29.1,False
pardes_biosciences_inc_PRDS.md,2022-08-26,not identified in filings or news,Not identified,2.98,3.7,24.2,False
pardes_biosciences_inc_PRDS.md,2022-09-16,not identified in filings or news,Not identified,2.97,2.29,-22.9,False
pardes_biosciences_inc_PRDS.md,2022-12-23,not identified in filings or news,Not identified,1.23,1.53,24.4,False
pardes_biosciences_inc_PRDS.md,2023-01-06,not identified in filings or news,Not identified,1.69,2.22,31.4,False
patheon_n_v_PTHN.md,,Trigger event,Event source,,,,True
patheon_n_v_PTHN.md,2017-05-19,not identified in filings or news,Not identified,26.0,34.61,33.1,False
penwest_pharmaceuticals_co_PPCO.md,,Trigger event,Event source,,,,True
penwest_pharmaceuticals_co_PPCO.md,2008-09-12,not identified in filings or news,Not identified,3.66,2.85,-22.1,False
penwest_pharmaceuticals_co_PPCO.md,2008-09-26,not identified in filings or news,Not identified,2.98,2.0,-32.9,False
penwest_pharmaceuticals_co_PPCO.md,2008-10-10,not identified in filings or news,Not identified,1.73,0.95,-45.1,False
penwest_pharmaceuticals_co_PPCO.md,2008-10-31,not identified in filings or news,Not identified,1.01,1.25,23.8,False
penwest_pharmaceuticals_co_PPCO.md,2008-11-21,not identified in filings or news,Not identified,0.93,0.37,-60.2,False
penwest_pharmaceuticals_co_PPCO.md,2008-11-28,not identified in filings or news,Not identified,0.37,0.99,167.6,False
penwest_pharmaceuticals_co_PPCO.md,2008-12-05,not identified in filings or news,Not identified,0.99,0.77,-22.2,False
penwest_pharmaceuticals_co_PPCO.md,2008-12-12,not identified in filings or news,Not identified,0.77,1.04,35.1,False
penwest_pharmaceuticals_co_PPCO.md,2008-12-19,not identified in filings or news,Not identified,1.04,1.37,31.7,False
penwest_pharmaceuticals_co_PPCO.md,2009-01-02,not identified in filings or news,Not identified,1.32,1.67,26.5,False
penwest_pharmaceuticals_co_PPCO.md,2009-01-09,not identified in filings or news,Not identified,1.67,2.07,24.0,False
penwest_pharmaceuticals_co_PPCO.md,2009-06-19,not identified in filings or news,Not identified,2.46,3.01,22.4,False
penwest_pharmaceuticals_co_PPCO.md,2010-03-05,not identified in filings or news,Not identified,2.5,3.04,21.6,False
penwest_pharmaceuticals_co_PPCO.md,2010-08-06,not identified in filings or news,Not identified,3.38,4.21,24.6,False
perrigo_co_plc_PRGO.md,,Trigger event,Event source,,,,True
perrigo_co_plc_PRGO.md,2015-04-10,not identified in filings or news,Not identified,163.73,198.55,21.3,False
pfenex_inc_pfnx.md,,Trigger event,Event source,,,,True
pfenex_inc_pfnx.md,2019-03-01,"Pfenex and Alvogen expand PF708 commercialization collaboration to EU, MENA, and ROW (announced 2019-02-28); FDA acceptance of NDA for PF708 (2019-02-19)",Company news; SC 14D9,4.2,5.16,22.9,True
pfenex_inc_pfnx.md,2019-03-22,"Pfenex licensee (Serum Institute) completes Phase 3 and enters registration for Pneumosil (CRM197 platform news, March 6); broader biotech rally; FDA acceptance of PF708 NDA tailwind",Company news; SC 14D9 background,4.94,6.3,27.5,True
pfenex_inc_pfnx.md,2020-03-13,"Broad market COVID-19 selloff (WHO pandemic declaration March 11, 2020); Pfenex 10-K filed March 11 (shares increase from 31.7M to 34.2M, reflecting January–February 2020 ATM offering at $10.89–$12.70)",Company news (COVID-19 global); SC 14D9 background,11.57,7.56,-34.7,True
pfenex_inc_pfnx.md,2020-03-27,"General market rebound following CARES Act enactment (March 27, 2020); partial stabilization of COVID-19 selloff",SC 14D9 background (CARES Act reference),7.15,8.8,23.1,True
pfenex_inc_pfnx.md,2020-04-17,"FDA April 14, 2020 General Advice Letter to Alvogen: additional CUHF study required for TE Rating; expected delay of 9–12 months; maximum TE milestone reduced from $20M to $7.5M",Company news 2020-04-14; SC 14D9 background,9.1,6.4,-29.7,True
pfenex_inc_pfnx.md,2020-08-14,"Merger Agreement with Ligand announced August 10, 2020 at $12.00 + $2.00 CVR; Tender Offer commenced August 31, 2020","SC 14D9 filed 0001193125-20-235614; joint press release August 10, 2020",8.31,12.78,53.8,True
point_biopharma_global_inc_PNT.md,,Trigger event,Event source,,,,True
point_biopharma_global_inc_PNT.md,2021-11-05,not identified in filings or news,Not identified,7.98,9.63,20.7,False
point_biopharma_global_inc_PNT.md,2021-12-10,not identified in filings or news,Not identified,7.86,6.03,-23.3,False
point_biopharma_global_inc_PNT.md,2022-05-13,not identified in filings or news,Not identified,8.21,5.79,-29.5,False
point_biopharma_global_inc_PNT.md,2022-05-27,not identified in filings or news,Not identified,6.51,8.12,24.7,False
point_biopharma_global_inc_PNT.md,2022-06-10,not identified in filings or news,Not identified,8.12,6.05,-25.5,False
point_biopharma_global_inc_PNT.md,2022-06-17,not identified in filings or news,Not identified,6.05,7.88,30.2,False
point_biopharma_global_inc_PNT.md,2022-07-08,not identified in filings or news,Not identified,7.28,8.88,22.0,False
point_biopharma_global_inc_PNT.md,2022-10-28,not identified in filings or news,Not identified,7.97,9.78,22.7,False
point_biopharma_global_inc_PNT.md,2022-11-18,not identified in filings or news,Not identified,9.14,6.49,-29.0,False
point_biopharma_global_inc_PNT.md,2023-10-06,not identified in filings or news,Not identified,6.67,12.39,85.8,False
portola_pharmaceuticals_inc_PTLA.md,,Trigger event,Event source,,,,True
portola_pharmaceuticals_inc_PTLA.md,2018-08-10,not identified in filings or news,Not identified,37.76,29.15,-22.8,False
portola_pharmaceuticals_inc_PTLA.md,2019-01-11,not identified in filings or news,Not identified,19.38,23.99,23.8,False
portola_pharmaceuticals_inc_PTLA.md,2019-08-09,not identified in filings or news,Not identified,24.8,30.94,24.8,False
portola_pharmaceuticals_inc_PTLA.md,2020-01-10,not identified in filings or news,Not identified,23.98,14.76,-38.4,False
portola_pharmaceuticals_inc_PTLA.md,2020-02-28,not identified in filings or news,Not identified,13.51,10.11,-25.2,False
portola_pharmaceuticals_inc_PTLA.md,2020-05-08,not identified in filings or news,Not identified,7.04,17.9,154.3,False
poseida_therapeutics_inc_PSTV.md,,Trigger event,Event source,,,,True
poseida_therapeutics_inc_PSTV.md,2022-12-16,not identified in filings or news,Not identified,0.39,0.3,-23.1,False
poseida_therapeutics_inc_PSTV.md,2023-01-06,not identified in filings or news,Not identified,0.32,0.39,21.9,False
poseida_therapeutics_inc_PSTV.md,2023-01-13,not identified in filings or news,Not identified,0.39,0.48,23.1,False
poseida_therapeutics_inc_PSTV.md,2023-05-05,not identified in filings or news,Not identified,0.26,3.99,1434.6,False
poseida_therapeutics_inc_PSTV.md,2023-06-30,not identified in filings or news,Not identified,3.0,2.02,-32.7,False
poseida_therapeutics_inc_PSTV.md,2023-09-08,not identified in filings or news,Not identified,2.8,1.38,-50.7,False
poseida_therapeutics_inc_PSTV.md,2023-11-03,not identified in filings or news,Not identified,1.07,1.6,49.5,False
poseida_therapeutics_inc_PSTV.md,2023-11-17,not identified in filings or news,Not identified,1.4,2.63,87.9,False
poseida_therapeutics_inc_PSTV.md,2023-11-24,not identified in filings or news,Not identified,2.63,1.63,-38.0,False
poseida_therapeutics_inc_PSTV.md,2024-10-04,not identified in filings or news,Not identified,1.85,1.3,-29.7,False
praecis_pharmaceuticals_inc_PRCS.md,,Trigger event,Event source,,,,True
praecis_pharmaceuticals_inc_PRCS.md,2005-04-01,not identified in filings or news,Not identified,6.35,4.8,-24.4,False
praecis_pharmaceuticals_inc_PRCS.md,2005-05-06,not identified in filings or news,Not identified,4.8,3.75,-21.9,False
praecis_pharmaceuticals_inc_PRCS.md,2005-10-14,not identified in filings or news,Not identified,2.45,3.55,44.9,False
praecis_pharmaceuticals_inc_PRCS.md,2006-01-27,not identified in filings or news,Not identified,4.19,5.09,21.5,False
praecis_pharmaceuticals_inc_PRCS.md,2006-05-05,not identified in filings or news,Not identified,4.38,5.43,24.0,False
praecis_pharmaceuticals_inc_PRCS.md,2006-06-23,not identified in filings or news,Not identified,5.04,3.05,-39.5,False
praecis_pharmaceuticals_inc_PRCS.md,2006-12-22,not identified in filings or news,Not identified,1.97,4.9,148.7,False
prevail_therapeutics_inc_PRVL.md,,Trigger event,Event source,,,,True
prevail_therapeutics_inc_PRVL.md,2019-07-05,not identified in filings or news,Not identified,13.2,10.51,-20.4,False
prevail_therapeutics_inc_PRVL.md,2019-11-22,not identified in filings or news,Not identified,10.62,13.26,24.9,False
prevail_therapeutics_inc_PRVL.md,2020-02-28,not identified in filings or news,Not identified,16.98,12.78,-24.7,False
prevail_therapeutics_inc_PRVL.md,2020-03-06,not identified in filings or news,Not identified,12.78,15.85,24.0,False
prevail_therapeutics_inc_PRVL.md,2020-05-22,not identified in filings or news,Not identified,14.87,18.2,22.4,False
prevail_therapeutics_inc_PRVL.md,2020-12-18,not identified in filings or news,Not identified,11.69,23.08,97.4,False
principia_biopharma_inc_prnb.md,,Trigger event,Event source,,,,True
principia_biopharma_inc_prnb.md,2020-02-21,"Sanofi announces positive Phase 2b data for PRN2246/SAR442168 in relapsing MS; met primary endpoint, significantly reduced MRI disease activity, well tolerated with no new safety findings","GlobeNewswire (Sanofi press release, February 2020)",18.85,42.97,128.1,True
principia_biopharma_inc_prnb.md,2020-04-24,Sanofi announces additional positive Phase 2b data; PRN2246/SAR442168 achieved both primary and secondary endpoints in relapsing MS trial,"GlobeNewswire (Sanofi press release, April 23, 2020)",18.85,42.97,128.1,True
principia_biopharma_inc_prnb.md,2020-05-29,Sanofi's unsolicited asset-acquisition proposal of ~$1.5B and escalation to discussion of full company acquisition,SC 14D9 Item 3,42.97,55.05,28.1,True
principia_biopharma_inc_prnb.md,2020-07-13,Sanofi provides revised $82.50 per share offer; Sanofi License Agreement standstill provision enters into effect; Board negotiates value range of $82.50–$100.00,SC 14D9 Item 3,72.56,76.53,5.5,True
principia_biopharma_inc_prnb.md,2020-08-16,Merger Agreement signed; Sanofi announces $100.00 per share offer; Board recommendation to tender,SC 14D9 Item 2; Merger Agreement,78.68,91.57,16.3,True
principia_biopharma_inc_prnb.md,2020-08-21,Week of Merger Agreement execution and tender offer filing (August 28); stock trading at or near offer price,"SC 14D9 Item 1, Item 2",91.57,99.39,8.5,True
principia_biopharma_inc_prnb.md,2020-09-28,Merger closes; Principia becomes wholly owned subsidiary of Sanofi; Section 251(h) short-form merger effective,"8-K filed October 2, 2020; Merger Agreement Section 1",100.0,100.05,0.05,True
provention_bio_inc_PRVB.md,,Trigger event,Event source,,,,True
provention_bio_inc_PRVB.md,2021-03-26,not identified in filings or news,Not identified,13.42,10.7,-20.3,False
provention_bio_inc_PRVB.md,2021-04-09,not identified in filings or news,Not identified,11.04,8.0,-27.5,False
provention_bio_inc_PRVB.md,2021-07-09,not identified in filings or news,Not identified,8.3,6.47,-22.0,False
provention_bio_inc_PRVB.md,2022-02-04,not identified in filings or news,Not identified,4.16,5.23,25.7,False
provention_bio_inc_PRVB.md,2022-02-11,not identified in filings or news,Not identified,5.23,6.35,21.4,False
provention_bio_inc_PRVB.md,2022-04-29,not identified in filings or news,Not identified,5.64,4.49,-20.4,False
provention_bio_inc_PRVB.md,2022-07-08,not identified in filings or news,Not identified,3.43,4.56,32.9,False
provention_bio_inc_PRVB.md,2022-08-12,not identified in filings or news,Not identified,4.41,5.62,27.4,False
provention_bio_inc_PRVB.md,2022-10-07,not identified in filings or news,Not identified,4.5,6.92,53.8,False
provention_bio_inc_PRVB.md,2023-03-17,not identified in filings or news,Not identified,6.7,23.99,258.1,False
qiagen_n_v_QGEN.md,,Trigger event,Event source,,,,True
qiagen_n_v_QGEN.md,2019-11-15,not identified in filings or news,Not identified,29.23,37.5,28.3,False
radius_health_inc_RDUS.md,,Trigger event,Event source,,,,True
radius_health_inc_RDUS.md,2020-10-09,not identified in filings or news,Not identified,11.33,13.86,22.3,False
radius_health_inc_RDUS.md,2020-12-18,not identified in filings or news,Not identified,14.17,19.46,37.3,False
radius_health_inc_RDUS.md,2021-01-08,not identified in filings or news,Not identified,17.86,21.75,21.8,False
radius_health_inc_RDUS.md,2021-02-05,not identified in filings or news,Not identified,18.7,22.94,22.7,False
radius_health_inc_RDUS.md,2021-10-22,not identified in filings or news,Not identified,15.1,20.1,33.1,False
radius_health_inc_RDUS.md,2021-12-10,not identified in filings or news,Not identified,14.93,7.09,-52.5,False
rapt_therapeutics_inc_RAPT.md,,Trigger event,Event source,,,,True
rapt_therapeutics_inc_RAPT.md,2024-02-23,not identified in filings or news,Not identified,25.97,8.72,-66.4,False
rapt_therapeutics_inc_RAPT.md,2024-05-10,not identified in filings or news,Not identified,8.33,4.33,-48.0,False
rapt_therapeutics_inc_RAPT.md,2024-07-12,not identified in filings or news,Not identified,2.8,3.43,22.5,False
rapt_therapeutics_inc_RAPT.md,2024-08-09,not identified in filings or news,Not identified,2.96,2.27,-23.3,False
rapt_therapeutics_inc_RAPT.md,2024-11-08,not identified in filings or news,Not identified,2.23,2.89,29.6,False
rapt_therapeutics_inc_RAPT.md,2024-11-15,not identified in filings or news,Not identified,2.89,1.1,-61.8,False
rapt_therapeutics_inc_RAPT.md,2024-12-27,not identified in filings or news,Not identified,0.83,1.69,104.8,False
rapt_therapeutics_inc_RAPT.md,2025-01-10,not identified in filings or news,Not identified,1.67,1.32,-21.0,False
rapt_therapeutics_inc_RAPT.md,2025-05-09,not identified in filings or news,Not identified,0.97,0.75,-22.0,False
rapt_therapeutics_inc_RAPT.md,2025-05-23,not identified in filings or news,Not identified,0.84,1.23,46.6,False
rapt_therapeutics_inc_RAPT.md,2025-05-30,not identified in filings or news,Not identified,1.23,0.89,-28.0,False
rapt_therapeutics_inc_RAPT.md,2025-06-06,not identified in filings or news,Not identified,0.89,1.17,32.2,False
rapt_therapeutics_inc_RAPT.md,2025-06-20,not identified in filings or news,Not identified,1.04,7.43,614.4,False
rapt_therapeutics_inc_RAPT.md,2025-07-18,not identified in filings or news,Not identified,8.46,11.68,38.1,False
rapt_therapeutics_inc_RAPT.md,2025-08-01,not identified in filings or news,Not identified,13.31,10.49,-21.2,False
rapt_therapeutics_inc_RAPT.md,2025-09-12,not identified in filings or news,Not identified,12.93,16.22,25.4,False
rapt_therapeutics_inc_RAPT.md,2025-09-19,not identified in filings or news,Not identified,16.22,19.86,22.4,False
rapt_therapeutics_inc_RAPT.md,2025-09-26,not identified in filings or news,Not identified,19.86,26.38,32.8,False
rapt_therapeutics_inc_RAPT.md,2025-11-28,not identified in filings or news,Not identified,27.08,33.8,24.8,False
rapt_therapeutics_inc_RAPT.md,2026-01-23,not identified in filings or news,Not identified,35.1,57.63,64.2,False
raptor_pharmaceutical_rptp.md,,Inflection event or trigger,Pre-week close,,,,True
raptor_pharmaceutical_rptp.md,2015-09-18,Negative data event from Phase 2b CyNCh study on RP103 in pediatric NASH; stock dropped 41.7%,$12.03,7.01,-41.7,2.0,True
raptor_pharmaceutical_rptp.md,2015-11-06,Rebound; additional NIDDK data presented at AASLD; stock recovered 27.2%,$5.45,6.93,27.2,16.0,True
raptor_pharmaceutical_rptp.md,2015-12-11,Negative correction following CyNCh data; stock declined 25.1%,$6.06,4.54,-25.1,,True
raptor_pharmaceutical_rptp.md,2016-01-08,Broad biotech selloff in early 2016; stock declined 21.7%,$5.20,4.07,-21.7,,True
raptor_pharmaceutical_rptp.md,2016-04-08,Positive move; bounce from low; stock recovered 20.6%,$4.51,5.44,20.6,,True
raptor_pharmaceutical_rptp.md,2016-05-20,Continued momentum; stock advanced 22.4%,$4.25,5.2,22.4,,True
raptor_pharmaceutical_rptp.md,2016-09-16,Massive spike of 20.7% on acquisition announcement; stock closed at $8.99 (slightly below $9.00 offer),$7.45,8.99,20.7,12.0,True
rayzebio_inc_RYZB.md,,Trigger event,Event source,,,,True
rayzebio_inc_RYZB.md,2023-11-03,not identified in filings or news,Not identified,18.42,22.35,21.3,False
rayzebio_inc_RYZB.md,2023-12-29,not identified in filings or news,Not identified,30.57,62.17,103.4,False
receptos_inc_rcpt.md,,Trigger event,Event source,,,,True
receptos_inc_rcpt.md,2013-09-13,Party A delivered unsolicited acquisition proposal on 2013-08-14; Receptos engaged advisors and conducted market outreach August–September 2013; speculative M&A interest and growing clinical pipeline likely drove sustained buying,"SC 14D9 0001193125-15-266171, Background of the Offer",17.92,22.07,23.2,True
receptos_inc_rcpt.md,2013-10-18,Celgene and Party A conducting due diligence; continued discussions through October 2013; Celgene indicating willingness to consider transaction with contingent component,"SC 14D9 0001193125-15-266171, Background of the Offer",28.2,33.91,20.2,True
receptos_inc_rcpt.md,2014-06-13,"Phase 2 RADIANCE trial of ozanimod in RMS met its primary endpoint; announcement made after the close of U.S. markets on June 9, 2014","SC 14D9 0001193125-15-266171, Background of the Offer",26.0,40.1,54.2,True
receptos_inc_rcpt.md,2014-10-31,"TOUCHSTONE Phase 2 trial of ozanimod in ulcerative colitis met its primary endpoint and all secondary endpoints; announcement made after the close of U.S. markets on October 27, 2014","SC 14D9 0001193125-15-266171, Background of the Offer",67.4,103.65,53.8,True
receptos_inc_rcpt.md,2015-04-03,"Media reports on April 1, 2015 that the Company was for sale and that potential acquirors were considering bids; intraday high of $202.96 on April 1","SC 14D9 0001193125-15-266171, Background of the Offer",147.43,169.31,14.9,True
receptos_inc_rcpt.md,2015-06-12,"Media reports on June 10, 2015 that several publicly traded pharmaceutical companies were considering bids to acquire the Company","SC 14D9 0001193125-15-266171, Background of the Offer",162.92,178.31,9.4,True
receptos_inc_rcpt.md,2015-07-17,"Merger Agreement executed July 14, 2015 and joint press release issued after market close; tender offer at $232.00 per share announced","SC 14D9 0001193125-15-266171, Item 4; 8-K 0001193125-15-252504",193.98,229.5,18.3,True
regulus_therapeutics_inc_RGLS.md,,Trigger event,Event source,,,,True
regulus_therapeutics_inc_RGLS.md,2023-05-12,not identified in filings or news,Not identified,1.41,1.75,24.2,False
regulus_therapeutics_inc_RGLS.md,2023-08-25,not identified in filings or news,Not identified,1.32,1.65,25.0,False
regulus_therapeutics_inc_RGLS.md,2023-09-22,not identified in filings or news,Not identified,1.7,1.28,-24.7,False
regulus_therapeutics_inc_RGLS.md,2024-03-15,not identified in filings or news,Not identified,1.39,2.11,51.8,False
regulus_therapeutics_inc_RGLS.md,2024-03-22,not identified in filings or news,Not identified,2.11,2.69,27.3,False
regulus_therapeutics_inc_RGLS.md,2024-04-19,not identified in filings or news,Not identified,2.8,2.13,-23.9,False
regulus_therapeutics_inc_RGLS.md,2024-06-28,not identified in filings or news,Not identified,2.51,1.78,-28.9,False
regulus_therapeutics_inc_RGLS.md,2025-03-28,not identified in filings or news,Not identified,1.37,1.73,26.3,False
regulus_therapeutics_inc_RGLS.md,2025-04-25,not identified in filings or news,Not identified,2.06,2.76,34.0,False
regulus_therapeutics_inc_RGLS.md,2025-05-02,not identified in filings or news,Not identified,2.76,7.85,184.4,False
relypsa_inc_RLYP.md,,Trigger event,Event source,,,,True
relypsa_inc_RLYP.md,2014-11-21,not identified in filings or news,Not identified,19.67,23.71,20.5,False
relypsa_inc_RLYP.md,2015-10-23,not identified in filings or news,Not identified,18.67,13.8,-26.1,False
relypsa_inc_RLYP.md,2015-12-04,not identified in filings or news,Not identified,23.97,29.14,21.6,False
relypsa_inc_RLYP.md,2016-01-08,not identified in filings or news,Not identified,28.34,21.26,-25.0,False
relypsa_inc_RLYP.md,2016-02-26,not identified in filings or news,Not identified,18.4,14.6,-20.7,False
relypsa_inc_RLYP.md,2016-04-08,not identified in filings or news,Not identified,13.3,22.48,69.0,False
relypsa_inc_RLYP.md,2016-05-06,not identified in filings or news,Not identified,18.1,13.51,-25.4,False
relypsa_inc_RLYP.md,2016-05-27,not identified in filings or news,Not identified,14.96,18.06,20.7,False
relypsa_inc_RLYP.md,2016-07-22,not identified in filings or news,Not identified,20.67,32.07,55.2,False
repros_therapeutics_inc_rprx.md,,Trigger event,Event source,,,,True
repros_therapeutics_inc_rprx.md,2016-04-15,not identified in filings or news,Not identified,0.9,2.27,152.2,False
repros_therapeutics_inc_rprx.md,2016-04-22,not identified in filings or news,Not identified,2.27,2.78,22.5,False
repros_therapeutics_inc_rprx.md,2017-05-19,not identified in filings or news,Not identified,0.84,0.56,-33.9,False
repros_therapeutics_inc_rprx.md,2017-07-21,not identified in filings or news,Not identified,0.58,0.37,-36.1,False
repros_therapeutics_inc_rprx.md,2017-10-06,not identified in filings or news,Not identified,0.32,0.53,65.6,False
repros_therapeutics_inc_rprx.md,2017-12-08,not identified in filings or news,Not identified,0.4,0.49,23.7,False
repros_therapeutics_inc_rprx.md,2017-12-15,not identified in filings or news,Not identified,0.5,0.66,34.0,False
revance_therapeutics_inc_rvnc.md,,Trigger event,Event source,,,,True
revance_therapeutics_inc_rvnc.md,2022-09-09,Not identified in filings or news; general biotech market move,not identified in filings or news,21.73,28.47,31.0,False
revance_therapeutics_inc_rvnc.md,2023-01-13,Not identified in filings or news; significant volume surge,not identified in filings or news,19.71,27.92,41.7,False
revance_therapeutics_inc_rvnc.md,2023-09-22,Not identified in filings or news; broad market sell-off and sector weakness,not identified in filings or news,16.8,13.01,-22.6,False
revance_therapeutics_inc_rvnc.md,2023-11-10,Not identified in filings or news,not identified in filings or news,9.23,5.97,-35.3,False
revance_therapeutics_inc_rvnc.md,2023-11-17,Not identified in filings or news,not identified in filings or news,5.97,7.27,21.8,False
revance_therapeutics_inc_rvnc.md,2024-01-12,Not identified in filings or news,not identified in filings or news,8.35,5.94,-28.9,False
revance_therapeutics_inc_rvnc.md,2024-03-01,"Revance public offering announced March 4, 2024 at $6.25/share; 16,000,000 shares",SC 14D9 (0001140361-24-049087),5.49,6.98,27.1,True
revance_therapeutics_inc_rvnc.md,2024-07-12,Not identified in filings or news with precision; Crown indicating revised $6.50 proposal forthcoming (June 21); diligence access expanded (June 29),SC 14D9 (0001140361-24-049087),2.67,3.58,34.1,False
revance_therapeutics_inc_rvnc.md,2024-08-16,"Original Merger Agreement announced August 12, 2024 at $6.66/share","SC 14D9 (0001140361-24-049087); 8-K dated August 12, 2024",3.53,6.62,87.5,True
revance_therapeutics_inc_rvnc.md,2024-11-01,Q3 2024 going concern disclosure in 10-Q filed November 7 (following week); October 30 Proposal received (Crown cut to $2.25/share cash),SC 14D9 (0001140361-24-049087),4.7,5.8,23.4,True
revance_therapeutics_inc_rvnc.md,2024-11-08,Q3 2024 10-Q with going concern disclosure filed November 7; October 30 Proposal (Crown offer reduced to $2.25/share); merger renegotiation disclosed,SC 14D9 (0001140361-24-049087); 8-K November 1 2024,5.8,3.7,-36.2,True
revance_therapeutics_inc_rvnc.md,2024-12-13,"A&R Merger Agreement announced December 7, 2024 at $3.10/share; offer commenced December 12",SC 14D9 (0001140361-24-049087),3.82,3.08,-19.3,True
revance_therapeutics_inc_rvnc.md,2025-01-17,"Second Amendment to A&R Merger Agreement increased price to $3.65/share (announced January 21, 2025)",8-K 0001140361-25-001461,3.25,3.68,13.2,True
sagent_pharmaceuticals_inc_sgnt.md,,Trigger event,Event source,,,,True
sagent_pharmaceuticals_inc_sgnt.md,2014-09-19,Sagent Q2 2014 results announcement and/or other undisclosed catalyst,not identified in filings or news (news pull does not include this date),29.5,30.9,7.6,True
sagent_pharmaceuticals_inc_sgnt.md,2014-10-03,Recovery from prior week decline; possible Q3 2014 results context,not identified in filings or news,29.5,31.76,7.7,True
sagent_pharmaceuticals_inc_sgnt.md,2015-01-13,Reuters news story reporting Sagent considering a sale of the company and hired Perella Weinberg,"SC 14D9, accession 0001193125-16-665570, Background of the Offer",25.04,25.98,2016.0,True
sagent_pharmaceuticals_inc_sgnt.md,2015-03-27,Q4 2014 / full-year 2014 financial results announcement; Yordon retirement announcement,News: Sagent Reports Q4 and Full Year 2014 Results (not in news pull but consistent with date); SC 14D9 notes Yordon retirement late March 2015,28.05,22.83,-18.7,True
sagent_pharmaceuticals_inc_sgnt.md,2015-08-07,"Q2 2015 financial results (August 4, 2015) and CEO appointment announcement (August 3, 2015)",News: Sagent Pharmaceuticals Reports Second Quarter 2015 Financial Results (2015-08-04); Sagent Pharmaceuticals Board Appoints Allan Oberman as Chief Executive Officer (2015-08-03),24.58,21.66,-11.9,True
sagent_pharmaceuticals_inc_sgnt.md,2015-08-14,Continued post-earnings / broad market selloff,not individually attributable to a specific Sagent filing or news event,21.66,19.68,-9.1,True
sagent_pharmaceuticals_inc_sgnt.md,2016-01-08,January 2016 Reuters article reporting Sagent exploring a sale and hired Perella Weinberg,"SC 14D9 notes Reuters ran a news story on January 13, 2016; J.P. Morgan Healthcare Conference (January 8 presentation)",15.91,13.36,-16.1,True
sagent_pharmaceuticals_inc_sgnt.md,2016-01-15,Post-decline recovery; probable short-covering after Reuters report,not identified in specific filing or news,13.36,15.38,15.1,True
sagent_pharmaceuticals_inc_sgnt.md,2016-04-29,"Q1 2016 financial results (May 3, 2016); possible pre-announcement leakage or results pre-release context",News: Sagent Pharmaceuticals Reports First Quarter 2016 Financial Results (2016-05-03),12.84,11.64,-9.3,True
sagent_pharmaceuticals_inc_sgnt.md,2016-05-06,Continued Q1 2016 results reaction; stock at cycle low of $10.55 intraweek,News: Sagent Pharmaceuticals Reports First Quarter 2016 Financial Results (2016-05-03),11.64,10.84,-6.9,True
sagent_pharmaceuticals_inc_sgnt.md,2016-07-15,"Announcement of Nichi-Iko Merger Agreement (announced July 11, 2016 via joint press release)","8-K filed 2016-07-11 (not staged); SC 14D9 accession 0001193125-16-665570, Background of the Offer",15.5,21.8,40.6,True
salix_pharmaceuticals_ltd_SLXP.md,,Trigger event,Event source,,,,True
salix_pharmaceuticals_ltd_SLXP.md,2014-11-07,not identified in filings or news,Not identified,143.85,91.47,-36.4,False
santarus_inc_SNTS.md,,Trigger event,Event source,,,,True
santarus_inc_SNTS.md,2012-01-13,not identified in filings or news,Not identified,3.5,4.54,29.7,False
santarus_inc_SNTS.md,2012-09-07,not identified in filings or news,Not identified,6.18,7.48,21.0,False
santarus_inc_SNTS.md,2013-11-08,not identified in filings or news,Not identified,23.58,31.95,35.5,False
satsuma_pharmaceuticals_inc_STSA.md,,Trigger event,Event source,,,,True
satsuma_pharmaceuticals_inc_STSA.md,2021-06-25,not identified in filings or news,Not identified,5.62,7.25,29.0,False
satsuma_pharmaceuticals_inc_STSA.md,2022-05-13,not identified in filings or news,Not identified,3.66,2.59,-29.2,False
satsuma_pharmaceuticals_inc_STSA.md,2022-05-20,not identified in filings or news,Not identified,2.59,3.4,31.3,False
satsuma_pharmaceuticals_inc_STSA.md,2022-06-24,not identified in filings or news,Not identified,2.9,3.6,24.1,False
satsuma_pharmaceuticals_inc_STSA.md,2022-08-05,not identified in filings or news,Not identified,4.53,6.1,34.7,False
satsuma_pharmaceuticals_inc_STSA.md,2022-11-18,not identified in filings or news,Not identified,4.05,0.65,-84.0,False
satsuma_pharmaceuticals_inc_STSA.md,2022-12-02,not identified in filings or news,Not identified,0.77,1.01,30.8,False
satsuma_pharmaceuticals_inc_STSA.md,2023-03-31,not identified in filings or news,Not identified,0.89,0.7,-21.5,False
satsuma_pharmaceuticals_inc_STSA.md,2023-04-21,not identified in filings or news,Not identified,0.66,1.04,58.8,False
sciele_pharma_inc_SCRX.md,,Trigger event,Event source,,,,True
sciele_pharma_inc_SCRX.md,2008-09-05,not identified in filings or news,Not identified,19.27,30.73,59.5,False
scpharmaceuticals_inc_SCPH.md,,Trigger event,Event source,,,,True
scpharmaceuticals_inc_SCPH.md,2024-05-24,not identified in filings or news,Not identified,4.75,3.51,-26.1,False
scpharmaceuticals_inc_SCPH.md,2025-05-16,not identified in filings or news,Not identified,2.44,3.22,32.0,False
sigilon_therapeutics_inc_SGTX.md,,Trigger event,Event source,,,,True
sigilon_therapeutics_inc_SGTX.md,2021-07-09,not identified in filings or news,Not identified,10.35,6.9,-33.3,False
sigilon_therapeutics_inc_SGTX.md,2021-08-27,not identified in filings or news,Not identified,4.57,5.99,31.1,False
sigilon_therapeutics_inc_SGTX.md,2021-12-03,not identified in filings or news,Not identified,3.95,2.72,-31.1,False
sigilon_therapeutics_inc_SGTX.md,2022-05-13,not identified in filings or news,Not identified,1.03,0.75,-27.1,False
sigilon_therapeutics_inc_SGTX.md,2022-08-05,not identified in filings or news,Not identified,0.71,0.86,20.9,False
sigilon_therapeutics_inc_SGTX.md,2022-09-23,not identified in filings or news,Not identified,0.65,0.48,-25.4,False
sigilon_therapeutics_inc_SGTX.md,2023-01-13,not identified in filings or news,Not identified,0.36,0.46,29.4,False
sigilon_therapeutics_inc_SGTX.md,2023-01-20,not identified in filings or news,Not identified,0.46,0.74,60.8,False
sigilon_therapeutics_inc_SGTX.md,2023-02-24,not identified in filings or news,Not identified,0.72,0.87,21.5,False
sigilon_therapeutics_inc_SGTX.md,2023-03-03,not identified in filings or news,Not identified,0.87,1.25,43.7,False
sigilon_therapeutics_inc_SGTX.md,2023-03-10,not identified in filings or news,Not identified,1.25,0.96,-22.9,False
sigilon_therapeutics_inc_SGTX.md,2023-04-07,not identified in filings or news,Not identified,0.93,0.72,-22.2,False
sigilon_therapeutics_inc_SGTX.md,2023-05-05,not identified in filings or news,Not identified,0.73,0.5,-31.4,False
sigilon_therapeutics_inc_SGTX.md,2023-05-19,not identified in filings or news,Not identified,0.48,0.64,31.9,False
sigilon_therapeutics_inc_SGTX.md,2023-05-26,not identified in filings or news,Not identified,0.64,4.9,669.7,False
sigilon_therapeutics_inc_SGTX.md,2023-06-16,not identified in filings or news,Not identified,4.5,5.66,25.8,False
sigilon_therapeutics_inc_SGTX.md,2023-06-23,not identified in filings or news,Not identified,5.66,3.91,-30.9,False
sigilon_therapeutics_inc_SGTX.md,2023-06-30,not identified in filings or news,Not identified,3.91,22.51,475.7,False
sirtris_pharmaceuticals_inc_SIRT.md,,Trigger event,Event source,,,,True
sirtris_pharmaceuticals_inc_SIRT.md,2007-07-13,not identified in filings or news,Not identified,11.07,14.13,27.6,False
sirtris_pharmaceuticals_inc_SIRT.md,2008-03-28,not identified in filings or news,Not identified,10.78,12.99,20.5,False
sirtris_pharmaceuticals_inc_SIRT.md,2008-04-25,not identified in filings or news,Not identified,12.68,22.3,75.9,False
societal_cdmo_inc_SCTL.md,,Trigger event,Event source,,,,True
societal_cdmo_inc_SCTL.md,2022-05-13,not identified in filings or news,Not identified,1.31,0.92,-29.5,False
societal_cdmo_inc_SCTL.md,2022-08-05,not identified in filings or news,Not identified,0.9,1.17,30.0,False
societal_cdmo_inc_SCTL.md,2022-12-09,not identified in filings or news,Not identified,1.7,1.27,-25.3,False
societal_cdmo_inc_SCTL.md,2023-06-09,not identified in filings or news,Not identified,0.72,1.03,43.1,False
societal_cdmo_inc_SCTL.md,2023-08-18,not identified in filings or news,Not identified,0.79,0.62,-21.8,False
societal_cdmo_inc_SCTL.md,2023-08-25,not identified in filings or news,Not identified,0.62,0.41,-34.3,False
societal_cdmo_inc_SCTL.md,2023-09-01,not identified in filings or news,Not identified,0.41,0.57,40.7,False
societal_cdmo_inc_SCTL.md,2024-02-09,not identified in filings or news,Not identified,0.4,0.5,26.0,False
societal_cdmo_inc_SCTL.md,2024-03-01,not identified in filings or news,Not identified,0.51,1.07,111.0,False
soleno_therapeutics_inc_slno.md,,Trigger event,Event source,,,,True
soleno_therapeutics_inc_slno.md,2025-03-28,"FDA approves VYKAT XR (diazoxide choline extended-release tablets) for hyperphagia in Prader-Willi Syndrome; Soleno announces commercial launch (April 14, 2025)",8-K/news: GlobeNewswire 2025-03-26; SC 14D9 (0001193125-26-162853) Background section,49.11,71.99,46.6,True
soleno_therapeutics_inc_slno.md,2025-09-12,not identified in filings or news with specificity; stock declined -23.1%; coincides with increased selling and high volume (15.8M shares); no specific adverse event disclosed in SC 14D9 for this week,SC 14D9 — no event attributed to this week,69.77,53.62,-23.1,False
soleno_therapeutics_inc_slno.md,2025-11-07,not identified in filings or news with specificity; stock declined -29.0%; high volume (24.5M shares); SC 14D9 notes that Party B terminated discussions with Soleno in early February 2026; no specific adverse event disclosed for this exact week,SC 14D9 — no event attributed; news pull includes no specific November 2025 catalyst,67.16,47.7,-29.0,False
soleno_therapeutics_inc_slno.md,2026-04-03,"Merger announcement on April 6, 2026 at $53.00/share following April 5, 2026 execution of Merger Agreement; stock began rising in week of April 3-4 in advance of announcement","SC 14D9 Background; 8-K (0001193125-26-142911, April 6, 2026)",30.05,39.49,31.4,True
soleno_therapeutics_inc_slno.md,2026-04-10,"Tender offer formally commenced April 20, 2026 at $53.00/share following merger announcement; market locked in $53.00 deal price after April 6, 2026 announcement",SC 14D9 (0001193125-26-162853); 8-K (0001193125-26-142911),39.49,52.63,33.3,True
spark_therapeutics_inc_ONCE.md,,Trigger event,Event source,,,,True
spark_therapeutics_inc_ONCE.md,2017-12-15,not identified in filings or news,Not identified,73.38,46.37,-36.8,False
spark_therapeutics_inc_ONCE.md,2018-04-13,not identified in filings or news,Not identified,62.06,77.04,24.1,False
spark_therapeutics_inc_ONCE.md,2018-08-10,not identified in filings or news,Not identified,73.77,58.42,-20.8,False
spark_therapeutics_inc_ONCE.md,2019-03-01,not identified in filings or news,Not identified,51.56,113.28,119.7,False
stemline_therapeutics_inc_STML.md,,Trigger event,Event source,,,,True
stemline_therapeutics_inc_STML.md,2018-12-21,not identified in filings or news,Not identified,10.36,8.23,-20.6,False
stemline_therapeutics_inc_STML.md,2018-12-28,not identified in filings or news,Not identified,8.23,10.21,24.1,False
stemline_therapeutics_inc_STML.md,2020-01-17,not identified in filings or news,Not identified,9.81,7.03,-28.3,False
stemline_therapeutics_inc_STML.md,2020-05-08,not identified in filings or news,Not identified,4.75,12.18,156.7,False
sucampo_pharmaceuticals_inc_scmp.md,,Trigger event,Event source,,,,True
sucampo_pharmaceuticals_inc_scmp.md,2016-11-11,"Not identified in filings or news as a distinct catalytic event. The week ending November 11 saw a broad biotech/pharma re-rating following the November 8, 2016 U.S. election; no SCMP-specific event identified in SEC filings or news pull",Not identified in filings or news,11.35,15.2,33.9,False
sucampo_pharmaceuticals_inc_scmp.md,2017-12-01,"Bloomberg published a story on December 7, 2017, that Sucampo was considering a sale for an unspecified amount. The SC 14D9 states the stock closed at $16.00 on December 7. The week ending December 1 likely incorporated market movement from the news leak or pre-announcement trading; the Bloomberg article itself was published within the week ending December 8.","SC 14D9, accession 0001193125-18-011313 (December 7 Bloomberg article reference)",10.55,12.8,21.3,True
sucampo_pharmaceuticals_inc_scmp.md,2017-12-08,"Bloomberg published a story on December 7, 2017, reporting that Sucampo was considering a sale for an unspecified amount. SCMP closed at $16.00 on December 7, 2017, per the SC 14D9 filing.","SC 14D9, accession 0001193125-18-011313",12.8,16.0,25.0,True
sunovion_pharmaceuticals_inc_SEPR.md,,Trigger event,Event source,,,,True
sunovion_pharmaceuticals_inc_SEPR.md,2008-10-10,not identified in filings or news,Not identified,16.65,12.48,-25.0,False
sunovion_pharmaceuticals_inc_SEPR.md,2009-09-04,not identified in filings or news,Not identified,18.59,22.82,22.8,False
synthorx_inc_THOR.md,,Trigger event,Event source,,,,True
synthorx_inc_THOR.md,2018-12-28,not identified in filings or news,Not identified,12.91,15.9,23.2,False
synthorx_inc_THOR.md,2019-02-15,not identified in filings or news,Not identified,15.71,19.92,26.8,False
synthorx_inc_THOR.md,2019-10-04,not identified in filings or news,Not identified,17.57,13.31,-24.2,False
synthorx_inc_THOR.md,2019-11-01,not identified in filings or news,Not identified,11.78,14.41,22.3,False
synthorx_inc_THOR.md,2019-12-06,not identified in filings or news,Not identified,17.9,25.03,39.8,False
synthorx_inc_THOR.md,2019-12-13,not identified in filings or news,Not identified,25.03,68.03,171.8,False
targanta_therapeutics_corp_TARG.md,,Trigger event,Event source,,,,True
targanta_therapeutics_corp_TARG.md,2008-10-10,not identified in filings or news,Not identified,6.01,3.84,-36.1,False
targanta_therapeutics_corp_TARG.md,2008-10-17,not identified in filings or news,Not identified,3.84,5.5,43.2,False
targanta_therapeutics_corp_TARG.md,2008-11-21,not identified in filings or news,Not identified,6.41,1.02,-84.1,False
targanta_therapeutics_corp_TARG.md,2008-11-28,not identified in filings or news,Not identified,1.02,1.23,20.6,False
targanta_therapeutics_corp_TARG.md,2008-12-05,not identified in filings or news,Not identified,1.23,2.75,123.6,False
targanta_therapeutics_corp_TARG.md,2008-12-12,not identified in filings or news,Not identified,2.75,1.04,-62.2,False
targanta_therapeutics_corp_TARG.md,2008-12-19,not identified in filings or news,Not identified,1.04,0.63,-39.4,False
targanta_therapeutics_corp_TARG.md,2009-01-09,not identified in filings or news,Not identified,0.61,1.02,67.2,False
targanta_therapeutics_corp_TARG.md,2009-01-16,not identified in filings or news,Not identified,1.02,2.45,140.2,False
taro_pharmaceutical_industries_ltd_TARO.md,,Trigger event,Event source,,,,True
taro_pharmaceutical_industries_ltd_TARO.md,2007-05-25,not identified in filings or news,Not identified,6.1,7.5,23.0,False
terns_pharmaceuticals_inc_TERN.md,,Trigger event,Event source,,,,True
terns_pharmaceuticals_inc_TERN.md,2024-07-12,not identified in filings or news,Not identified,6.81,9.31,36.7,False
terns_pharmaceuticals_inc_TERN.md,2025-04-04,not identified in filings or news,Not identified,2.92,2.1,-28.1,False
terns_pharmaceuticals_inc_TERN.md,2025-04-25,not identified in filings or news,Not identified,2.4,2.92,21.7,False
terns_pharmaceuticals_inc_TERN.md,2025-11-07,not identified in filings or news,Not identified,8.26,18.47,123.6,False
terns_pharmaceuticals_inc_TERN.md,2025-11-14,not identified in filings or news,Not identified,18.47,22.56,22.1,False
terns_pharmaceuticals_inc_TERN.md,2025-12-12,not identified in filings or news,Not identified,29.36,45.0,53.3,False
tesaro_inc_TSRO.md,,Trigger event,Event source,,,,True
tesaro_inc_TSRO.md,2018-06-22,not identified in filings or news,Not identified,39.77,49.62,24.8,False
tesaro_inc_TSRO.md,2018-08-03,not identified in filings or news,Not identified,35.12,26.97,-23.2,False
tesaro_inc_TSRO.md,2018-10-26,not identified in filings or news,Not identified,41.75,31.5,-24.6,False
tesaro_inc_TSRO.md,2018-11-16,not identified in filings or news,Not identified,25.1,34.96,39.3,False
tesaro_inc_TSRO.md,2018-11-23,not identified in filings or news,Not identified,34.96,43.01,23.0,False
tesaro_inc_TSRO.md,2018-12-07,not identified in filings or news,Not identified,46.38,73.95,59.4,False
tetraphase_pharmaceuticals_inc_ttph.md,,Trigger event,Event source,,,,True
tetraphase_pharmaceuticals_inc_ttph.md,2018-02-16,"IGNITE3 Phase 3 trial of eravacycline in complicated urinary tract infections (cUTI) announced top-line results on February 13, 2018 — cUTI trial did not meet primary endpoint. Stock dropped sharply.","News: ""Tetraphase Announces Top-Line Results from IGNITE3 Phase 3 Clinical Trial of Eravacycline in Complicated Urinary Tract Infections (cUTI)"" (Feb 13, 2018)",5.15,2.12,-58.8,True
tetraphase_pharmaceuticals_inc_ttph.md,2019-09-27,Tetraphase announces October 2019 public equity offering / related announcement; company underwent reverse stock split (estimated effective date in this period). Stock price data shows extreme movement consistent with reverse split adjustment and possible offering announcement. Exact reverse split ratio not disclosed in SC 14D9.,"SC 14D9 (0001193125-20-167749), Background section references October 30, 2019 equity financing; Q3 2019 10-Q share count change; news pull",0.31,5.73,1719.6,True
tetraphase_pharmaceuticals_inc_ttph.md,2019-10-04,Post-reverse-split price normalization; market digests restructuring; no specific event identified in SEC filings for the October 4 week specifically,not identified in filings or news (post-split normalization),5.73,4.15,-27.6,True
tetraphase_pharmaceuticals_inc_ttph.md,2019-11-01,"Market reaction to October 30, 2019 announcement of $8.0 million registered direct offering to Armistice Capital (Black-Scholes Put Provisions)","SC 14D9 (0001193125-20-167749): ""On the morning of October 30, 2019, Tetraphase announced that it had entered into a registered direct offering at the market for $8.0 million""",5.15,3.29,-36.1,True
tetraphase_pharmaceuticals_inc_ttph.md,2019-12-27,"Company P (Armistice affiliate) delivers unsolicited $9.0 million acquisition proposal on December 24, 2019; Tetraphase Board announces market check; multiple acquisition parties contacted","SC 14D9 (0001193125-20-167749): ""On December 24, 2019, a company that is referred to as Company P delivered an unsolicited proposal to acquire Tetraphase for an aggregate cash amount of $9.0 million.""",2.23,3.03,35.9,True
tetraphase_pharmaceuticals_inc_ttph.md,2020-03-20,"Broad COVID-19 market selloff; AcelRx merger agreement signed March 16, 2020 at $14.4 million fully diluted equity value; COVID market disruption caused extreme market-wide volatility",News: broader market conditions; SC 14D9 (0001193125-20-167749) Background section,1.45,0.74,-49.2,True
tetraphase_pharmaceuticals_inc_ttph.md,2020-03-27,Post-COVID recovery rally; no specific Tetraphase event identified,not identified in filings or news (market recovery),0.74,1.2,63.0,True
tetraphase_pharmaceuticals_inc_ttph.md,2020-05-08,"La Jolla Chairman Kevin Tang contacts Larry Edwards on May 1; Tetraphase Board receives La Jolla $22 million cash + $12.5 million CVR proposal on May 6, 2020; Tetraphase files 8-K; Board determines proposal could lead to Superior Offer","SC 14D9 (0001193125-20-167749): ""Also on May 6, 2020, the Tetraphase Board received an unsolicited proposal from La Jolla to acquire Tetraphase for $22 million in cash, plus an additional $12.5 million"" filed as Form 8-K",1.32,2.02,53.0,True
tetraphase_pharmaceuticals_inc_ttph.md,2020-05-22,Melinta delivers unsolicited proposal on May 14 ($27.0M + $12.5M CVR); Board determines it could reasonably be expected to lead to Superior Offer; filed 8-K May 15; further La Jolla diligence and Melinta-Tetraphase negotiations,"SC 14D9 (0001193125-20-167749): ""On May 14, 2020, Melinta delivered to the Tetraphase Board a non-binding, unsolicited offer to acquire Tetraphase... for approximately $27.0 million in cash and an additional $12.5 million""",2.19,2.64,20.5,True
therapeuticsmd_inc_TXMD.md,,Trigger event,Event source,,,,True
therapeuticsmd_inc_TXMD.md,2020-07-17,not identified in filings or news,Not identified,1.5,1.82,21.3,False
therapeuticsmd_inc_TXMD.md,2021-12-03,not identified in filings or news,Not identified,0.58,0.46,-20.7,False
therapeuticsmd_inc_TXMD.md,2022-03-11,not identified in filings or news,Not identified,0.21,0.29,38.1,False
therapeuticsmd_inc_TXMD.md,2022-03-18,not identified in filings or news,Not identified,0.29,0.41,41.4,False
therapeuticsmd_inc_TXMD.md,2022-04-22,not identified in filings or news,Not identified,0.29,0.22,-24.1,False
therapeuticsmd_inc_TXMD.md,2022-05-06,not identified in filings or news,Not identified,0.2,0.15,-25.0,False
therapeuticsmd_inc_TXMD.md,2022-05-13,not identified in filings or news,Not identified,0.15,3.07,1946.7,False
therapeuticsmd_inc_TXMD.md,2022-05-27,not identified in filings or news,Not identified,3.1,2.14,-31.0,False
therapeuticsmd_inc_TXMD.md,2022-06-03,not identified in filings or news,Not identified,2.14,9.93,364.0,False
therapeuticsmd_inc_TXMD.md,2022-07-15,not identified in filings or news,Not identified,9.48,5.94,-37.3,False
therapeuticsmd_inc_TXMD.md,2022-08-05,not identified in filings or news,Not identified,6.23,9.29,49.1,False
theseus_pharmaceuticals_inc_THRX.md,,Trigger event,Event source,,,,True
theseus_pharmaceuticals_inc_THRX.md,2022-01-07,not identified in filings or news,Not identified,12.68,9.83,-22.5,False
theseus_pharmaceuticals_inc_THRX.md,2022-03-18,not identified in filings or news,Not identified,9.71,14.51,49.4,False
theseus_pharmaceuticals_inc_THRX.md,2022-04-29,not identified in filings or news,Not identified,10.36,8.17,-21.1,False
theseus_pharmaceuticals_inc_THRX.md,2022-11-11,not identified in filings or news,Not identified,4.92,6.38,29.7,False
theseus_pharmaceuticals_inc_THRX.md,2023-01-06,not identified in filings or news,Not identified,4.98,8.3,66.7,False
theseus_pharmaceuticals_inc_THRX.md,2023-02-24,not identified in filings or news,Not identified,11.42,9.06,-20.7,False
theseus_pharmaceuticals_inc_THRX.md,2023-05-26,not identified in filings or news,Not identified,11.0,7.74,-29.6,False
theseus_pharmaceuticals_inc_THRX.md,2023-07-14,not identified in filings or news,Not identified,9.68,2.66,-72.5,False
theseus_pharmaceuticals_inc_THRX.md,2023-07-21,not identified in filings or news,Not identified,2.66,3.59,35.0,False
theseus_pharmaceuticals_inc_THRX.md,2023-11-17,not identified in filings or news,Not identified,2.12,3.47,63.7,False
third_wave_technologies_inc_wi_TWTI.md,,Trigger event,Event source,,,,True
third_wave_technologies_inc_wi_TWTI.md,2006-08-18,not identified in filings or news,Not identified,3.53,4.24,20.1,False
third_wave_technologies_inc_wi_TWTI.md,2007-07-27,not identified in filings or news,Not identified,5.81,7.5,29.1,False
third_wave_technologies_inc_wi_TWTI.md,2008-03-14,not identified in filings or news,Not identified,7.12,8.97,26.0,False
thorne_healthtech_inc_THRN.md,,Trigger event,Event source,,,,True
thorne_healthtech_inc_THRN.md,2022-01-21,not identified in filings or news,Not identified,6.41,5.02,-21.7,False
thorne_healthtech_inc_THRN.md,2022-11-11,not identified in filings or news,Not identified,4.84,3.53,-27.1,False
thorne_healthtech_inc_THRN.md,2022-11-18,not identified in filings or news,Not identified,3.53,4.28,21.2,False
thorne_healthtech_inc_THRN.md,2023-07-21,not identified in filings or news,Not identified,4.93,5.95,20.7,False
thorne_healthtech_inc_THRN.md,2023-09-01,not identified in filings or news,Not identified,7.81,10.17,30.2,False
tigenix_nv_TIG.md,,Trigger event,Event source,,,,True
tigenix_nv_TIG.md,2018-01-05,not identified in filings or news,Not identified,22.9,40.73,77.9,False
tobira_therapeutics_inc_TBRA.md,,Trigger event,Event source,,,,True
tobira_therapeutics_inc_TBRA.md,2015-01-16,not identified in filings or news,Not identified,8.28,10.08,21.7,False
tobira_therapeutics_inc_TBRA.md,2015-03-06,not identified in filings or news,Not identified,10.35,14.4,39.1,False
tobira_therapeutics_inc_TBRA.md,2015-05-08,not identified in filings or news,Not identified,10.89,15.84,45.5,False
tobira_therapeutics_inc_TBRA.md,2015-06-05,not identified in filings or news,Not identified,13.14,17.84,35.8,False
tobira_therapeutics_inc_TBRA.md,2015-06-12,not identified in filings or news,Not identified,17.84,22.49,26.1,False
tobira_therapeutics_inc_TBRA.md,2015-06-19,not identified in filings or news,Not identified,22.49,17.26,-23.3,False
tobira_therapeutics_inc_TBRA.md,2015-10-02,not identified in filings or news,Not identified,12.28,9.2,-25.1,False
tobira_therapeutics_inc_TBRA.md,2015-12-11,not identified in filings or news,Not identified,11.47,9.16,-20.1,False
tobira_therapeutics_inc_TBRA.md,2016-04-15,not identified in filings or news,Not identified,7.3,8.8,20.5,False
tobira_therapeutics_inc_TBRA.md,2016-06-17,not identified in filings or news,Not identified,10.06,12.08,20.1,False
tobira_therapeutics_inc_TBRA.md,2016-07-29,not identified in filings or news,Not identified,11.25,4.31,-61.7,False
tobira_therapeutics_inc_TBRA.md,2016-09-23,not identified in filings or news,Not identified,4.59,39.11,752.1,False
tourmaline_bio_inc_TRML.md,,Trigger event,Event source,,,,True
tourmaline_bio_inc_TRML.md,2023-10-20,not identified in filings or news,Not identified,2.86,10.9,281.1,False
tourmaline_bio_inc_TRML.md,2023-10-27,not identified in filings or news,Not identified,10.9,14.0,28.4,False
tourmaline_bio_inc_TRML.md,2024-03-22,not identified in filings or news,Not identified,43.19,24.67,-42.9,False
tourmaline_bio_inc_TRML.md,2024-04-19,not identified in filings or news,Not identified,20.15,15.45,-23.3,False
tourmaline_bio_inc_TRML.md,2024-06-14,not identified in filings or news,Not identified,13.93,16.96,21.8,False
tourmaline_bio_inc_TRML.md,2024-07-26,not identified in filings or news,Not identified,14.71,17.95,22.0,False
tourmaline_bio_inc_TRML.md,2024-09-13,not identified in filings or news,Not identified,15.35,19.27,25.5,False
tourmaline_bio_inc_TRML.md,2025-03-14,not identified in filings or news,Not identified,14.38,18.8,30.7,False
tourmaline_bio_inc_TRML.md,2025-04-04,not identified in filings or news,Not identified,16.65,12.83,-22.9,False
tourmaline_bio_inc_TRML.md,2025-04-18,not identified in filings or news,Not identified,13.1,16.01,22.2,False
tourmaline_bio_inc_TRML.md,2025-09-12,not identified in filings or news,Not identified,26.74,47.61,78.0,False
translate_bio_inc_TBIO.md,,Trigger event,Event source,,,,True
trius_therapeutics_inc_TSRX.md,,Trigger event,Event source,,,,True
trius_therapeutics_inc_TSRX.md,2012-01-13,not identified in filings or news,Not identified,6.78,5.33,-21.4,False
turning_point_therapeutics_inc_TPTX.md,,Trigger event,Event source,,,,True
turning_point_therapeutics_inc_TPTX.md,2020-09-18,not identified in filings or news,Not identified,71.1,88.57,24.6,False
turning_point_therapeutics_inc_TPTX.md,2020-10-09,not identified in filings or news,Not identified,88.19,111.81,26.8,False
turning_point_therapeutics_inc_TPTX.md,2021-08-27,not identified in filings or news,Not identified,64.11,77.53,20.9,False
turning_point_therapeutics_inc_TPTX.md,2021-10-08,not identified in filings or news,Not identified,67.33,47.76,-29.1,False
turning_point_therapeutics_inc_TPTX.md,2022-04-15,not identified in filings or news,Not identified,25.48,32.9,29.1,False
turning_point_therapeutics_inc_TPTX.md,2022-05-13,not identified in filings or news,Not identified,26.8,32.6,21.6,False
turning_point_therapeutics_inc_TPTX.md,2022-06-03,not identified in filings or news,Not identified,36.16,74.59,106.3,False
turnstone_biologics_corp_TSBX.md,,Trigger event,Event source,,,,True
turnstone_biologics_corp_TSBX.md,2023-08-18,not identified in filings or news,Not identified,12.0,8.86,-26.2,False
turnstone_biologics_corp_TSBX.md,2023-08-25,not identified in filings or news,Not identified,8.86,10.91,23.1,False
turnstone_biologics_corp_TSBX.md,2023-09-08,not identified in filings or news,Not identified,11.92,9.15,-23.2,False
turnstone_biologics_corp_TSBX.md,2023-09-15,not identified in filings or news,Not identified,9.15,4.34,-52.6,False
turnstone_biologics_corp_TSBX.md,2023-10-06,not identified in filings or news,Not identified,3.94,2.34,-40.6,False
turnstone_biologics_corp_TSBX.md,2023-10-13,not identified in filings or news,Not identified,2.34,3.05,30.3,False
turnstone_biologics_corp_TSBX.md,2023-10-27,not identified in filings or news,Not identified,2.55,1.99,-22.0,False
turnstone_biologics_corp_TSBX.md,2023-11-03,not identified in filings or news,Not identified,1.99,3.22,61.8,False
turnstone_biologics_corp_TSBX.md,2023-11-10,not identified in filings or news,Not identified,3.22,1.86,-42.2,False
turnstone_biologics_corp_TSBX.md,2023-11-17,not identified in filings or news,Not identified,1.86,3.36,80.6,False
turnstone_biologics_corp_TSBX.md,2023-11-24,not identified in filings or news,Not identified,3.36,2.57,-23.5,False
turnstone_biologics_corp_TSBX.md,2023-12-22,not identified in filings or news,Not identified,2.23,2.99,34.1,False
turnstone_biologics_corp_TSBX.md,2024-01-26,not identified in filings or news,Not identified,1.92,2.75,43.2,False
turnstone_biologics_corp_TSBX.md,2024-02-23,not identified in filings or news,Not identified,2.57,3.45,34.2,False
turnstone_biologics_corp_TSBX.md,2024-03-01,not identified in filings or news,Not identified,3.45,4.62,33.9,False
turnstone_biologics_corp_TSBX.md,2024-03-08,not identified in filings or news,Not identified,4.62,3.16,-31.6,False
turnstone_biologics_corp_TSBX.md,2024-04-05,not identified in filings or news,Not identified,2.62,3.21,22.5,False
turnstone_biologics_corp_TSBX.md,2024-08-16,not identified in filings or news,Not identified,2.31,0.76,-67.0,False
usana_health_sciences_inc_USNA.md,,Trigger event,Event source,,,,True
usana_health_sciences_inc_USNA.md,2007-06-15,not identified in filings or news,Not identified,39.34,47.35,20.4,False
usana_health_sciences_inc_USNA.md,2008-01-11,not identified in filings or news,Not identified,35.72,49.48,38.5,False
usana_health_sciences_inc_USNA.md,2008-03-28,not identified in filings or news,Not identified,28.68,21.34,-25.6,False
usana_health_sciences_inc_USNA.md,2008-05-16,not identified in filings or news,Not identified,21.45,25.75,20.0,False
vectivbio_holding_ag_VECT.md,,Trigger event,Event source,,,,True
vectivbio_holding_ag_VECT.md,2021-06-25,not identified in filings or news,Not identified,16.0,12.61,-21.2,False
vectivbio_holding_ag_VECT.md,2021-09-03,not identified in filings or news,Not identified,6.7,8.31,24.0,False
vectivbio_holding_ag_VECT.md,2021-12-03,not identified in filings or news,Not identified,3.86,2.83,-26.7,False
vectivbio_holding_ag_VECT.md,2021-12-10,not identified in filings or news,Not identified,2.83,3.54,25.1,False
vectivbio_holding_ag_VECT.md,2021-12-24,not identified in filings or news,Not identified,4.13,5.09,23.2,False
vectivbio_holding_ag_VECT.md,2022-02-11,not identified in filings or news,Not identified,4.61,5.54,20.2,False
vectivbio_holding_ag_VECT.md,2022-09-30,not identified in filings or news,Not identified,4.9,6.0,22.4,False
vectivbio_holding_ag_VECT.md,2023-04-21,not identified in filings or news,Not identified,8.6,10.88,26.6,False
vectivbio_holding_ag_VECT.md,2023-05-26,not identified in filings or news,Not identified,11.9,16.28,36.8,False
verve_therapeutics_inc_VERV.md,,Trigger event,Event source,,,,True
verve_therapeutics_inc_VERV.md,2023-08-18,not identified in filings or news,Not identified,17.98,14.04,-21.9,False
verve_therapeutics_inc_VERV.md,2023-10-20,not identified in filings or news,Not identified,11.7,9.28,-20.7,False
verve_therapeutics_inc_VERV.md,2023-11-03,not identified in filings or news,Not identified,8.84,15.58,76.2,False
verve_therapeutics_inc_VERV.md,2023-11-17,not identified in filings or news,Not identified,15.7,11.73,-25.3,False
verve_therapeutics_inc_VERV.md,2024-03-01,not identified in filings or news,Not identified,13.45,16.29,21.1,False
verve_therapeutics_inc_VERV.md,2024-04-05,not identified in filings or news,Not identified,13.28,8.52,-35.8,False
verve_therapeutics_inc_VERV.md,2024-07-12,not identified in filings or news,Not identified,5.25,6.73,28.2,False
verve_therapeutics_inc_VERV.md,2024-08-09,not identified in filings or news,Not identified,6.31,4.99,-20.9,False
verve_therapeutics_inc_VERV.md,2024-08-30,not identified in filings or news,Not identified,4.94,6.7,35.6,False
verve_therapeutics_inc_VERV.md,2024-10-18,not identified in filings or news,Not identified,4.67,5.65,21.0,False
verve_therapeutics_inc_VERV.md,2024-11-15,not identified in filings or news,Not identified,6.31,4.79,-24.1,False
verve_therapeutics_inc_VERV.md,2025-01-24,not identified in filings or news,Not identified,6.14,7.91,28.8,False
verve_therapeutics_inc_VERV.md,2025-04-04,not identified in filings or news,Not identified,5.22,3.62,-30.7,False
verve_therapeutics_inc_VERV.md,2025-04-18,not identified in filings or news,Not identified,3.26,4.59,40.8,False
verve_therapeutics_inc_VERV.md,2025-04-25,not identified in filings or news,Not identified,4.59,5.76,25.5,False
verve_therapeutics_inc_VERV.md,2025-06-06,not identified in filings or news,Not identified,4.45,6.2,39.2,False
verve_therapeutics_inc_VERV.md,2025-06-20,not identified in filings or news,Not identified,6.16,11.06,79.5,False
viela_bio_inc_VIE.md,,Trigger event,Event source,,,,True
viela_bio_inc_VIE.md,2019-11-08,not identified in filings or news,Not identified,22.54,33.0,46.4,False
viela_bio_inc_VIE.md,2020-01-17,not identified in filings or news,Not identified,30.16,40.15,33.1,False
viela_bio_inc_VIE.md,2020-03-13,not identified in filings or news,Not identified,49.83,39.08,-21.6,False
viela_bio_inc_VIE.md,2020-05-08,not identified in filings or news,Not identified,38.81,47.2,21.6,False
viela_bio_inc_VIE.md,2020-05-29,not identified in filings or news,Not identified,60.21,46.9,-22.1,False
viela_bio_inc_VIE.md,2021-02-05,not identified in filings or news,Not identified,34.68,52.85,52.4,False
viela_bio_inc_VIE.md,2021-03-19,not identified in filings or news,Not identified,53.01,23.3,-56.0,False
virbac_corp_VBAC.md,,Trigger event,Event source,,,,True
virbac_corp_VBAC.md,2004-11-26,not identified in filings or news,Not identified,3.95,3.1,-21.5,False
virbac_corp_VBAC.md,2005-06-24,not identified in filings or news,Not identified,3.1,2.17,-30.0,False
virbac_corp_VBAC.md,2005-07-01,not identified in filings or news,Not identified,2.17,3.35,54.4,False
virbac_corp_VBAC.md,2005-07-08,not identified in filings or news,Not identified,3.35,2.6,-22.4,False
virbac_corp_VBAC.md,2005-08-26,not identified in filings or news,Not identified,3.2,3.9,21.9,False
vitae_pharmaceuticals_inc_VTAE.md,,Trigger event,Event source,,,,True
vitae_pharmaceuticals_inc_VTAE.md,2014-10-24,not identified in filings or news,Not identified,6.3,9.11,44.6,False
vitae_pharmaceuticals_inc_VTAE.md,2014-10-31,not identified in filings or news,Not identified,9.11,13.24,45.3,False
vitae_pharmaceuticals_inc_VTAE.md,2015-01-16,not identified in filings or news,Not identified,16.73,12.95,-22.6,False
vitae_pharmaceuticals_inc_VTAE.md,2015-04-10,not identified in filings or news,Not identified,12.68,15.57,22.8,False
vitae_pharmaceuticals_inc_VTAE.md,2015-06-19,not identified in filings or news,Not identified,12.44,15.82,27.2,False
vitae_pharmaceuticals_inc_VTAE.md,2015-09-11,not identified in filings or news,Not identified,7.6,14.32,88.4,False
vitae_pharmaceuticals_inc_VTAE.md,2016-01-08,not identified in filings or news,Not identified,18.1,13.99,-22.7,False
vitae_pharmaceuticals_inc_VTAE.md,2016-03-04,not identified in filings or news,Not identified,9.16,4.69,-48.8,False
vitae_pharmaceuticals_inc_VTAE.md,2016-03-18,not identified in filings or news,Not identified,4.77,7.19,50.7,False
vitae_pharmaceuticals_inc_VTAE.md,2016-05-20,not identified in filings or news,Not identified,6.39,7.94,24.3,False
vitae_pharmaceuticals_inc_VTAE.md,2016-05-27,not identified in filings or news,Not identified,7.94,9.62,21.2,False
vitae_pharmaceuticals_inc_VTAE.md,2016-09-16,not identified in filings or news,Not identified,8.05,20.95,160.2,False
xenoport_inc_XNPT.md,,Trigger event,Event source,,,,True
xenoport_inc_XNPT.md,2015-09-18,not identified in filings or news,Not identified,7.14,4.19,-41.3,False
xenoport_inc_XNPT.md,2015-10-16,not identified in filings or news,Not identified,4.19,5.58,33.2,False
xenoport_inc_XNPT.md,2016-05-27,not identified in filings or news,Not identified,4.4,7.04,60.0,False
y_mabs_therapeutics_inc_YMAB.md,,Trigger event,Event source,,,,True
y_mabs_therapeutics_inc_YMAB.md,2024-01-12,not identified in filings or news,Not identified,7.18,9.65,34.4,False
y_mabs_therapeutics_inc_YMAB.md,2024-01-26,not identified in filings or news,Not identified,9.38,11.27,20.1,False
y_mabs_therapeutics_inc_YMAB.md,2024-02-02,not identified in filings or news,Not identified,11.27,14.0,24.2,False
y_mabs_therapeutics_inc_YMAB.md,2024-02-16,not identified in filings or news,Not identified,13.11,16.29,24.3,False
y_mabs_therapeutics_inc_YMAB.md,2024-05-10,not identified in filings or news,Not identified,17.15,12.28,-28.4,False
y_mabs_therapeutics_inc_YMAB.md,2024-11-15,not identified in filings or news,Not identified,15.48,11.14,-28.0,False
y_mabs_therapeutics_inc_YMAB.md,2025-08-08,not identified in filings or news,Not identified,4.53,8.51,87.9,False
zogenix_inc_zgnx.md,,Trigger event,Event source,,,,True
zogenix_inc_zgnx.md,2020-02-07,"FDA extension of review period for Fintepla in Dravet syndrome NDA announced February 27, 2020; however, the sharp price decline in the week ended 2020-02-07 (-36.2%) preceded that disclosure. The decline coincides with a broader COVID-19 market selloff. Zogenix did announce positive top-line Phase 3 LGS trial results on February 6, 2020, which was expected to be a positive catalyst; the absence of a price increase on this positive news may reflect market conditions at the time.","News: ""Zogenix Announces Positive Top-line Results from Global Pivotal Phase 3 Trial of FINTEPLA for the Treatment of Lennox-Gastaut Syndrome"" (2020-02-06); FDA extension announced 2020-02-27",50.37,32.12,-36.2,True
zogenix_inc_zgnx.md,2020-09-25,"Dilutive equity financing: Zogenix announced a proposed convertible senior notes offering of $200 million on September 22, 2020, priced September 24, 2020 at $230 million aggregate principal; initial purchasers exercised option for additional $30 million on October 5, 2020. The offering was announced while the stock was trading around $24 (week of September 18, $24.21). Shares fell to $17.50 the following week ended September 25.","News: ""Zogenix, Inc. Announces Proposed Convertible Senior Notes Offering"" (2020-09-22); ""Zogenix, Inc. Prices $200.0 Million Convertible Senior Notes Offering"" (2020-09-24)",24.21,17.5,-27.7,True
zogenix_inc_zgnx.md,2022-01-21,"UCB acquisition announcement: Zogenix and UCB issued a joint press release on January 19, 2022 announcing the execution of the Merger Agreement at $26.00 per share plus one CVR ($2.00 max), representing approximately 66% premium to the January 18, 2022 close of $15.64 and approximately 72% to the 30-day VWAP. Stock moved from $15.93 close (week ended January 14) to $25.98 close (week ended January 21).","SC 14D9, Accession 0001193125-22-024104, Background section; News: ""UCB to acquire Zogenix"" (2022-01-19)",15.93,25.98,63.1,True
zs_pharma_inc_ZSPH.md,,Trigger event,Event source,,,,True
zs_pharma_inc_ZSPH.md,2014-08-29,not identified in filings or news,Not identified,32.56,40.29,23.7,False
zs_pharma_inc_ZSPH.md,2015-05-08,not identified in filings or news,Not identified,39.01,48.75,25.0,False
zs_pharma_inc_ZSPH.md,2015-09-11,not identified in filings or news,Not identified,54.78,76.99,40.5,False
zs_pharma_inc_ZSPH.md,2015-11-06,not identified in filings or news,Not identified,65.01,89.04,37.0,False
zymogenetics_inc_ZGEN.md,,Trigger event,Event source,,,,True
zymogenetics_inc_ZGEN.md,2008-10-31,not identified in filings or news,Not identified,4.95,3.2,-35.4,False
zymogenetics_inc_ZGEN.md,2008-11-07,not identified in filings or news,Not identified,3.2,4.25,32.8,False
zymogenetics_inc_ZGEN.md,2009-01-16,not identified in filings or news,Not identified,2.89,4.35,50.5,False
zymogenetics_inc_ZGEN.md,2009-02-06,not identified in filings or news,Not identified,4.25,5.2,22.4,False
zymogenetics_inc_ZGEN.md,2009-11-06,not identified in filings or news,Not identified,4.65,5.67,21.9,False
zymogenetics_inc_ZGEN.md,2009-12-04,not identified in filings or news,Not identified,5.52,6.81,23.4,False
zymogenetics_inc_ZGEN.md,2010-09-10,not identified in filings or news,Not identified,5.51,9.76,77.1,False
